amfi_code,date,rolling_sharpe
100016,2022-03-07,-1.6546650654160002
100016,2022-03-08,-0.4723597410193689
100016,2022-03-09,-0.5384219447743943
100016,2022-03-10,-0.3652883100571152
100016,2022-03-11,-0.5478706939647119
100016,2022-03-14,-0.444464205506514
100016,2022-03-15,-0.5020003117755305
100016,2022-03-16,-0.6084556827201071
100016,2022-03-17,-0.058982901837096
100016,2022-03-18,0.2769476240985035
100016,2022-03-21,0.31983932359086265
100016,2022-03-22,-0.28173389925294423
100016,2022-03-23,-0.3645003718014219
100016,2022-03-24,0.32690903203390415
100016,2022-03-25,0.2758180008145172
100016,2022-03-28,0.5396479950707194
100016,2022-03-29,0.8697208751987661
100016,2022-03-30,0.9194688733977657
100016,2022-03-31,0.7248613205761482
100016,2022-04-01,0.17888374292690334
100016,2022-04-04,0.33010150704616026
100016,2022-04-05,0.16081379989254588
100016,2022-04-06,0.20274333059872085
100016,2022-04-07,-0.05124600524667136
100016,2022-04-08,-0.09919414307553996
100016,2022-04-11,-0.08566810651535522
100016,2022-04-12,-0.02477158587036769
100016,2022-04-13,-0.23977897551039168
100016,2022-04-14,0.00584676444112637
100016,2022-04-15,-0.10437315632665697
100016,2022-04-18,-0.4133545388799251
100016,2022-04-19,-0.4257494657853435
100016,2022-04-20,-0.4110265586796546
100016,2022-04-21,-0.3728207735122658
100016,2022-04-22,-0.10942281051660306
100016,2022-04-25,-0.14649034777747572
100016,2022-04-26,-0.16196974935939398
100016,2022-04-27,-0.3515581623055817
100016,2022-04-28,-0.19675004336750396
100016,2022-04-29,-0.1578492030672054
100016,2022-05-02,-0.2251367203975321
100016,2022-05-03,-0.5383267019083842
100016,2022-05-04,-0.27964066357867917
100016,2022-05-05,-0.4743164453279835
100016,2022-05-06,-0.5635648868140627
100016,2022-05-09,-0.4963033574513902
100016,2022-05-10,-0.4905707750243628
100016,2022-05-11,-0.9646522387090276
100016,2022-05-12,-1.0760464256892814
100016,2022-05-13,-0.923975411768409
100016,2022-05-16,-0.8468787110343514
100016,2022-05-17,-0.4402116886559101
100016,2022-05-18,-0.5411140664270925
100016,2022-05-19,-0.601945260358732
100016,2022-05-20,-0.8244721190023597
100016,2022-05-23,-0.7908768764192429
100016,2022-05-24,-0.9452172629587411
100016,2022-05-25,-0.698610351917858
100016,2022-05-26,-0.6355215428718605
100016,2022-05-27,-0.860903864286412
100016,2022-05-30,-1.0755165687308215
100016,2022-05-31,-1.48620866073904
100016,2022-06-01,-1.5513388711884009
100016,2022-06-02,-1.6283717940300884
100016,2022-06-03,-1.4918881951603944
100016,2022-06-06,-1.6066352060924798
100016,2022-06-07,-1.3806121192093381
100016,2022-06-08,-1.5425399721833608
100016,2022-06-09,-1.6718656897901674
100016,2022-06-10,-1.8045972664146135
100016,2022-06-13,-1.7067664781709675
100016,2022-06-14,-1.8764817646574679
100016,2022-06-15,-1.9263268105583855
100016,2022-06-16,-2.0283167244859723
100016,2022-06-17,-2.2002267345895277
100016,2022-06-20,-2.1177775221813437
100016,2022-06-21,-1.9822823717934583
100016,2022-06-22,-1.9981452680830623
100016,2022-06-23,-2.5134173374148165
100016,2022-06-24,-2.2700953458982487
100016,2022-06-27,-2.513449599872334
100016,2022-06-28,-2.7232804131774015
100016,2022-06-29,-3.0234741323239636
100016,2022-06-30,-2.9040405443354307
100016,2022-07-01,-2.8655705933713707
100016,2022-07-04,-2.950715369745294
100016,2022-07-05,-2.371510150098015
100016,2022-07-06,-2.3068292187213704
100016,2022-07-07,-2.5458404672016695
100016,2022-07-08,-2.7123658752819373
100016,2022-07-11,-2.397187963177389
100016,2022-07-12,-3.1399771468601014
100016,2022-07-13,-3.2269381862967594
100016,2022-07-14,-3.6137132191518138
100016,2022-07-15,-3.5688484116063464
100016,2022-07-18,-3.656969858258389
100016,2022-07-19,-3.4900731641850604
100016,2022-07-20,-3.624885645853458
100016,2022-07-21,-4.207364262589147
100016,2022-07-22,-4.356982653863268
100016,2022-07-25,-4.186560670535374
100016,2022-07-26,-4.115620026853028
100016,2022-07-27,-3.8485414888606506
100016,2022-07-28,-4.469914892572192
100016,2022-07-29,-4.2071859646470955
100016,2022-08-01,-4.4446487010743345
100016,2022-08-02,-5.066430477076394
100016,2022-08-03,-5.135361817126742
100016,2022-08-04,-4.777657484751544
100016,2022-08-05,-4.618346827600867
100016,2022-08-08,-4.823690115724073
100016,2022-08-09,-4.721352968211715
100016,2022-08-10,-5.07954388696011
100016,2022-08-11,-4.528006244442543
100016,2022-08-12,-4.623327239182769
100016,2022-08-15,-4.535052331949919
100016,2022-08-16,-4.598613963846825
100016,2022-08-17,-4.18010371210245
100016,2022-08-18,-4.342499576176583
100016,2022-08-19,-4.285953876192747
100016,2022-08-22,-4.190933253211638
100016,2022-08-23,-4.0215286600963065
100016,2022-08-24,-4.280736473779424
100016,2022-08-25,-4.189821323444652
100016,2022-08-26,-4.629294984087009
100016,2022-08-29,-4.339029033105902
100016,2022-08-30,-4.290742486044782
100016,2022-08-31,-4.009160526319544
100016,2022-09-01,-4.147471284856721
100016,2022-09-02,-4.418183141482132
100016,2022-09-05,-4.4819755714344085
100016,2022-09-06,-4.104978862254254
100016,2022-09-07,-4.366600305600618
100016,2022-09-08,-3.953907109489774
100016,2022-09-09,-3.788515241522704
100016,2022-09-12,-3.998571944376488
100016,2022-09-13,-3.9452722745105855
100016,2022-09-14,-3.713816973257303
100016,2022-09-15,-3.7313930408088094
100016,2022-09-16,-3.5312905340811924
100016,2022-09-19,-3.369114918961771
100016,2022-09-20,-3.7835897179261133
100016,2022-09-21,-3.8570475709331253
100016,2022-09-22,-3.4722612125829473
100016,2022-09-23,-2.934349199592457
100016,2022-09-26,-3.1656061562395843
100016,2022-09-27,-2.958702869929378
100016,2022-09-28,-3.062954530272018
100016,2022-09-29,-3.1347512745638912
100016,2022-09-30,-2.854336781591745
100016,2022-10-03,-2.4611128755607186
100016,2022-10-04,-2.249150891171424
100016,2022-10-05,-1.9650177191252476
100016,2022-10-06,-2.1578848156877144
100016,2022-10-07,-2.2767660563747043
100016,2022-10-10,-2.4713614654468565
100016,2022-10-11,-2.685343442758029
100016,2022-10-12,-2.7426060481206673
100016,2022-10-13,-2.348053918275156
100016,2022-10-14,-2.1697403129451325
100016,2022-10-17,-1.9301114544831521
100016,2022-10-18,-1.8479462968482274
100016,2022-10-19,-1.6400710435932369
100016,2022-10-20,-1.6085803270913246
100016,2022-10-21,-1.193913153799564
100016,2022-10-24,-1.2200369319458448
100016,2022-10-25,-0.904420267886608
100016,2022-10-26,-0.954629151699137
100016,2022-10-27,-1.0204421237621197
100016,2022-10-28,-1.004440166982466
100016,2022-10-31,-0.8405662550285797
100016,2022-11-01,-0.47075844678578016
100016,2022-11-02,-0.3392872106025027
100016,2022-11-03,-0.16496707400416386
100016,2022-11-04,-0.3032120769884659
100016,2022-11-07,0.20995153425636076
100016,2022-11-08,-0.006493677057214509
100016,2022-11-09,-0.004365625204995028
100016,2022-11-10,-0.10353545731252127
100016,2022-11-11,0.19390410590379722
100016,2022-11-14,-0.16920351999065966
100016,2022-11-15,0.20636623011799796
100016,2022-11-16,0.43362956516452533
100016,2022-11-17,0.8397171573432584
100016,2022-11-18,0.9730537341872161
100016,2022-11-21,0.8469829612073848
100016,2022-11-22,0.9832518190480377
100016,2022-11-23,1.5064049197633305
100016,2022-11-24,1.8233691018814326
100016,2022-11-25,1.9859569594375532
100016,2022-11-28,1.7420455667652943
100016,2022-11-29,1.8782955585516585
100016,2022-11-30,1.7207137516606097
100016,2022-12-01,1.782963978956763
100016,2022-12-02,1.552231138910266
100016,2022-12-05,1.647781479655623
100016,2022-12-06,2.1602065673871738
100016,2022-12-07,2.010788369920531
100016,2022-12-08,1.928808192471325
100016,2022-12-09,2.2211995266956084
100016,2022-12-12,2.315840412245992
100016,2022-12-13,2.5234386067257706
100016,2022-12-14,2.8965848337446927
100016,2022-12-15,2.7224478888807533
100016,2022-12-16,2.667849769347198
100016,2022-12-19,2.3739659523335317
100016,2022-12-20,2.2756957674034783
100016,2022-12-21,1.9051612934486037
100016,2022-12-22,1.7407719060930222
100016,2022-12-23,1.7443990735982409
100016,2022-12-26,2.0416476338695606
100016,2022-12-27,1.8544985624636046
100016,2022-12-28,1.9129172544591184
100016,2022-12-29,1.9896748362827443
100016,2022-12-30,2.039773834872724
100016,2023-01-02,1.827729367307039
100016,2023-01-03,1.875649517400132
100016,2023-01-04,1.8018956262035097
100016,2023-01-05,1.9662561721131673
100016,2023-01-06,2.387601089209086
100016,2023-01-09,2.3874845893388965
100016,2023-01-10,2.5970239568167206
100016,2023-01-11,2.6017172626966634
100016,2023-01-12,2.387273498422274
100016,2023-01-13,2.475683659612872
100016,2023-01-16,2.699841131568784
100016,2023-01-17,2.9178983970977224
100016,2023-01-18,3.240462852237848
100016,2023-01-19,3.6922197226185505
100016,2023-01-20,3.381458728694052
100016,2023-01-23,3.3255932083779225
100016,2023-01-24,3.3036961701709955
100016,2023-01-25,3.3211188498015924
100016,2023-01-26,2.710490454305938
100016,2023-01-27,2.2702602163384284
100016,2023-01-30,2.2037695962254253
100016,2023-01-31,1.9956672650238851
100016,2023-02-01,2.082056298737218
100016,2023-02-02,2.2164640504605626
100016,2023-02-03,1.8557318742775055
100016,2023-02-06,1.7269564776360846
100016,2023-02-07,1.9825565326572034
100016,2023-02-08,1.4667198041150327
100016,2023-02-09,1.9222382238792988
100016,2023-02-10,2.354150860622386
100016,2023-02-13,2.4903115601096517
100016,2023-02-14,2.684905139972014
100016,2023-02-15,3.1407077730029047
100016,2023-02-16,2.941414397828987
100016,2023-02-17,2.8705739538516175
100016,2023-02-20,2.652565825718573
100016,2023-02-21,2.6749322811790504
100016,2023-02-22,2.811143242266173
100016,2023-02-23,2.632356847733388
100016,2023-02-24,2.1667956338833196
100016,2023-02-27,2.535285040913913
100016,2023-02-28,2.3871638878250447
100016,2023-03-01,2.3148596281378784
100016,2023-03-02,2.7288183487686672
100016,2023-03-03,2.568178241551092
100016,2023-03-06,2.784383961047098
100016,2023-03-07,2.654790110939352
100016,2023-03-08,2.6253688764584227
100016,2023-03-09,2.9347780885131636
100016,2023-03-10,3.1443666861910384
100016,2023-03-13,2.9954109480970343
100016,2023-03-14,3.114977605368933
100016,2023-03-15,2.934468797626965
100016,2023-03-16,3.7216889648824956
100016,2023-03-17,3.676825630855375
100016,2023-03-20,3.7490633139966087
100016,2023-03-21,3.338414743770068
100016,2023-03-22,3.409249123138196
100016,2023-03-23,3.5094608505608695
100016,2023-03-24,3.3332258770306793
100016,2023-03-27,3.627917855684447
100016,2023-03-28,3.073566260889104
100016,2023-03-29,2.8113720377080296
100016,2023-03-30,2.8214002739185324
100016,2023-03-31,2.83657264757841
100016,2023-04-03,2.7963793637486147
100016,2023-04-04,2.6963137133845905
100016,2023-04-05,2.5198020682708724
100016,2023-04-06,2.191288595067165
100016,2023-04-07,2.4724300277535574
100016,2023-04-10,2.620467266923859
100016,2023-04-11,2.622736073493472
100016,2023-04-12,2.999196672129214
100016,2023-04-13,2.9360750694527136
100016,2023-04-14,2.7802309305452337
100016,2023-04-17,2.6918675864582697
100016,2023-04-18,2.454735805716364
100016,2023-04-19,2.387337775171936
100016,2023-04-20,2.3540788344609576
100016,2023-04-21,2.565437505060507
100016,2023-04-24,2.899726994608795
100016,2023-04-25,3.0334464717895115
100016,2023-04-26,3.185686210202883
100016,2023-04-27,3.120692891298662
100016,2023-04-28,3.1723544514456834
100016,2023-05-01,3.1572641639062082
100016,2023-05-02,2.9928469449092407
100016,2023-05-03,3.3314980227787667
100016,2023-05-04,3.189044510890712
100016,2023-05-05,3.2136957840855866
100016,2023-05-08,3.112346104761447
100016,2023-05-09,3.0757952285817036
100016,2023-05-10,2.818375874036079
100016,2023-05-11,2.7014060388485746
100016,2023-05-12,2.4503393029494465
100016,2023-05-15,2.7855093674634888
100016,2023-05-16,2.8031551827115724
100016,2023-05-17,2.6076713391678474
100016,2023-05-18,2.723804017921001
100016,2023-05-19,2.4328443074528754
100016,2023-05-22,2.558216146178621
100016,2023-05-23,2.2533401813279257
100016,2023-05-24,1.9672798609836597
100016,2023-05-25,1.8555874496519014
100016,2023-05-26,1.875554903011323
100016,2023-05-29,1.6660143441966824
100016,2023-05-30,1.6265318756161646
100016,2023-05-31,1.7567653564448806
100016,2023-06-01,2.2425894828433894
100016,2023-06-02,2.289423211148339
100016,2023-06-05,2.6039197207945946
100016,2023-06-06,2.7128976417981083
100016,2023-06-07,2.473311966803383
100016,2023-06-08,2.68889102586795
100016,2023-06-09,3.23922764173748
100016,2023-06-12,3.0684022911540794
100016,2023-06-13,3.115214851711668
100016,2023-06-14,3.7324203829574008
100016,2023-06-15,3.4198461333634538
100016,2023-06-16,2.967112817294507
100016,2023-06-19,2.8594108181082256
100016,2023-06-20,2.5495626626631407
100016,2023-06-21,2.5075175379086097
100016,2023-06-22,2.5825643538040493
100016,2023-06-23,2.403332504810672
100016,2023-06-26,2.2533244699433683
100016,2023-06-27,2.4377501603569036
100016,2023-06-28,2.076503261104191
100016,2023-06-29,2.357132342130638
100016,2023-06-30,2.696278830844083
100016,2023-07-03,2.3694290882966693
100016,2023-07-04,2.1815894708280137
100016,2023-07-05,2.249112065915154
100016,2023-07-06,2.2201163599867133
100016,2023-07-07,2.2644564277799217
100016,2023-07-10,1.9644045822038316
100016,2023-07-11,1.9623415925273335
100016,2023-07-12,1.704632781417067
100016,2023-07-13,0.9453439559011266
100016,2023-07-14,0.8799429528032138
100016,2023-07-17,1.2159894942512117
100016,2023-07-18,0.9056403317420059
100016,2023-07-19,0.8253042631832969
100016,2023-07-20,0.20573116017822005
100016,2023-07-21,0.3126864080875169
100016,2023-07-24,0.45445928684732145
100016,2023-07-25,0.5899031806604509
100016,2023-07-26,0.19168305553279066
100016,2023-07-27,0.03760078573253942
100016,2023-07-28,-0.17074672796909707
100016,2023-07-31,-0.2567161416039402
100016,2023-08-01,0.21273275990879992
100016,2023-08-02,-0.07074062290102599
100016,2023-08-03,-0.4534987589693644
100016,2023-08-04,-0.4801534808721024
100016,2023-08-07,-0.4499801919808847
100016,2023-08-08,0.020660037587535172
100016,2023-08-09,0.16556074240183713
100016,2023-08-10,0.39926770175819654
100016,2023-08-11,0.222108411080569
100016,2023-08-14,-0.2717146351822728
100016,2023-08-15,-0.3102519794264373
100016,2023-08-16,-0.6455689711722254
100016,2023-08-17,-0.9332123078718226
100016,2023-08-18,-0.8438469787222816
100016,2023-08-21,-0.8298806812549598
100016,2023-08-22,-0.7990046738802937
100016,2023-08-23,-0.7358588208837451
100016,2023-08-24,-0.4524461484604559
100016,2023-08-25,-0.2657594040642643
100016,2023-08-28,-0.22108825710126848
100016,2023-08-29,-0.300380101816444
100016,2023-08-30,-0.5980483498723578
100016,2023-08-31,-0.04282372394846257
100016,2023-09-01,-0.06827043663384777
100016,2023-09-04,-0.3524144508109227
100016,2023-09-05,-0.055655843024288894
100016,2023-09-06,0.151690680928863
100016,2023-09-07,0.10289705949306364
100016,2023-09-08,0.4806499693171844
100016,2023-09-11,0.793187899838672
100016,2023-09-12,0.544320635285762
100016,2023-09-13,0.6327992276475011
100016,2023-09-14,0.7438359244144246
100016,2023-09-15,0.39403703222677605
100016,2023-09-18,0.17645598343201888
100016,2023-09-19,-0.5202183897959995
100016,2023-09-20,-0.45077300004048354
100016,2023-09-21,-0.6068045200473826
100016,2023-09-22,-0.5397383273482598
100016,2023-09-25,-0.8429099934706309
100016,2023-09-26,-0.813573589409941
100016,2023-09-27,-0.4532766391481409
100016,2023-09-28,0.04683222191771618
100016,2023-09-29,-0.12203384226215766
100016,2023-10-02,0.33994135912704426
100016,2023-10-03,0.1249638368012285
100016,2023-10-04,0.29603395631574503
100016,2023-10-05,0.1871590867702786
100016,2023-10-06,0.1311659494218092
100016,2023-10-09,0.3246575659772694
100016,2023-10-10,0.32081321956043457
100016,2023-10-11,0.3715141558341411
100016,2023-10-12,0.10446076683533297
100016,2023-10-13,-0.32396118930727347
100016,2023-10-16,-0.46969687215784744
100016,2023-10-17,-0.6791919390094323
100016,2023-10-18,-1.1634882485534905
100016,2023-10-19,-1.0691215072907945
100016,2023-10-20,-0.5653676380631947
100016,2023-10-23,-0.4014053902460967
100016,2023-10-24,-0.3112288223055721
100016,2023-10-25,-0.6737599160630803
100016,2023-10-26,-0.3306490210080545
100016,2023-10-27,-0.09753373205018617
100016,2023-10-30,0.04667786579724937
100016,2023-10-31,-0.398967300895235
100016,2023-11-01,-0.2280681660295428
100016,2023-11-02,-0.08780596105468969
100016,2023-11-03,-0.3700147376362407
100016,2023-11-06,-0.23273277483996538
100016,2023-11-07,-0.28881026150605027
100016,2023-11-08,-0.31844239303491756
100016,2023-11-09,-0.8515337425669915
100016,2023-11-10,-0.99413348949094
100016,2023-11-13,-0.7833725655019128
100016,2023-11-14,-0.9010795692328115
100016,2023-11-15,-0.8287192714818473
100016,2023-11-16,-0.7117732465195094
100016,2023-11-17,-0.6936523996161024
100016,2023-11-20,-1.084063927884025
100016,2023-11-21,-1.093242090898986
100016,2023-11-22,-0.7144292199592831
100016,2023-11-23,-0.3987133816265274
100016,2023-11-24,-0.6321391146437049
100016,2023-11-27,-0.6232930647258158
100016,2023-11-28,-0.5003958880901644
100016,2023-11-29,-0.22871213551846448
100016,2023-11-30,-0.5311492979189797
100016,2023-12-01,-0.089739299157073
100016,2023-12-04,-0.21285634836438955
100016,2023-12-05,-0.42795245424044703
100016,2023-12-06,0.24467662068710214
100016,2023-12-07,0.5585924687979811
100016,2023-12-08,0.22448527691915296
100016,2023-12-11,-0.046247888350502316
100016,2023-12-12,-0.0029108475046075097
100016,2023-12-13,-0.20028116929783762
100016,2023-12-14,-0.33841069055300793
100016,2023-12-15,-0.46669529775918295
100016,2023-12-18,-0.0828438766279481
100016,2023-12-19,0.023224473691665387
100016,2023-12-20,0.05995699335671038
100016,2023-12-21,0.32937469607848807
100016,2023-12-22,0.17380754078953226
100016,2023-12-25,0.24057757746761194
100016,2023-12-26,0.27875266080437344
100016,2023-12-27,0.6410889028727111
100016,2023-12-28,0.5405639914700338
100016,2023-12-29,0.4773441496579583
100016,2024-01-01,0.2550485189514204
100016,2024-01-02,0.43095593878329314
100016,2024-01-03,0.7151019988819168
100016,2024-01-04,0.19746691713787015
100016,2024-01-05,0.13816315015595923
100016,2024-01-08,0.2828817566224526
100016,2024-01-09,0.3677507822805211
100016,2024-01-10,0.133978126710905
100016,2024-01-11,-0.07119463325677586
100016,2024-01-12,-0.2866328331948012
100016,2024-01-15,-0.4601820176809939
100016,2024-01-16,-0.24026200289336896
100016,2024-01-17,0.04191519842439169
100016,2024-01-18,0.05280606691710996
100016,2024-01-19,0.4378738600011152
100016,2024-01-22,0.3518122013955065
100016,2024-01-23,0.4249733068966575
100016,2024-01-24,0.6405406408599598
100016,2024-01-25,0.9520226864358333
100016,2024-01-26,0.9600142768401229
100016,2024-01-29,1.0178905302978578
100016,2024-01-30,1.4785947226654976
100016,2024-01-31,1.186066075560442
100016,2024-02-01,0.9355594096653141
100016,2024-02-02,0.9296988333481696
100016,2024-02-05,0.7661593125526746
100016,2024-02-06,0.661312213275568
100016,2024-02-07,0.41609779889014503
100016,2024-02-08,0.36189040654408106
100016,2024-02-09,0.37612115315066225
100016,2024-02-12,0.14653264011345618
100016,2024-02-13,-0.15032443323538605
100016,2024-02-14,0.1214544209928043
100016,2024-02-15,0.5807005647359251
100016,2024-02-16,0.37712797362322525
100016,2024-02-19,0.8707679854060647
100016,2024-02-20,0.7140530244271522
100016,2024-02-21,1.1020799315464884
100016,2024-02-22,1.1395679577820113
100016,2024-02-23,0.8967778520776865
100016,2024-02-26,0.6385701013696604
100016,2024-02-27,0.8698592263417575
100016,2024-02-28,0.6460101632133205
100016,2024-02-29,0.4129855451441587
100016,2024-03-01,0.5218485328077986
100016,2024-03-04,0.7193587120592113
100016,2024-03-05,1.405758162529001
100016,2024-03-06,1.2323699283765766
100016,2024-03-07,1.2546366256999657
100016,2024-03-08,1.3556106494602949
100016,2024-03-11,1.5194987514915015
100016,2024-03-12,1.5868416166649224
100016,2024-03-13,1.5478950593999703
100016,2024-03-14,2.3170730106718556
100016,2024-03-15,2.2621346735139354
100016,2024-03-18,1.7927381213425528
100016,2024-03-19,1.8159533914330621
100016,2024-03-20,1.9195982349894036
100016,2024-03-21,2.310876503756974
100016,2024-03-22,2.265037636421589
100016,2024-03-25,2.5321230032686786
100016,2024-03-26,2.4392671331758695
100016,2024-03-27,2.126333982066982
100016,2024-03-28,1.9061163340820113
100016,2024-03-29,2.0027845028064766
100016,2024-04-01,1.9272701759888797
100016,2024-04-02,1.954144753963932
100016,2024-04-03,1.7510847456853602
100016,2024-04-04,2.1342396726521535
100016,2024-04-05,1.9432785302887547
100016,2024-04-08,1.8680962647905708
100016,2024-04-09,1.916638364267022
100016,2024-04-10,1.444108707769822
100016,2024-04-11,1.3505973080149627
100016,2024-04-12,1.4362798711354752
100016,2024-04-15,1.9637120548107583
100016,2024-04-16,1.6012872152045838
100016,2024-04-17,2.163066396561723
100016,2024-04-18,2.1215938014801634
100016,2024-04-19,2.031909000532731
100016,2024-04-22,2.2259004313031623
100016,2024-04-23,1.8505734563626002
100016,2024-04-24,1.5899745603189714
100016,2024-04-25,1.6700205487297906
100016,2024-04-26,1.3444663913653814
100016,2024-04-29,1.2719582649053578
100016,2024-04-30,1.625967297677427
100016,2024-05-01,1.146678549865178
100016,2024-05-02,0.5941259261518914
100016,2024-05-03,0.23215016600826627
100016,2024-05-06,0.4565032614477772
100016,2024-05-07,0.5231767914133152
100016,2024-05-08,0.4480496990329274
100016,2024-05-09,0.7635657696828748
100016,2024-05-10,1.0738973791159754
100016,2024-05-13,1.3534718401380244
100016,2024-05-14,1.1565198732994006
100016,2024-05-15,0.7700871384859064
100016,2024-05-16,0.8386391521943309
100016,2024-05-17,0.7558583086901335
100016,2024-05-20,0.6924705505680158
100016,2024-05-21,0.6290499862642648
100016,2024-05-22,0.6617169197102445
100016,2024-05-23,0.7032656811143564
100016,2024-05-24,0.7756711909451856
100016,2024-05-27,1.0621010206493284
100016,2024-05-28,1.3040048289334825
100016,2024-05-29,1.1988496200071146
100016,2024-05-30,1.1131040597622661
100016,2024-05-31,1.1799976860747257
100016,2024-06-03,1.5441190586076279
100016,2024-06-04,1.0565246589559283
100016,2024-06-05,0.8854223297743817
100016,2024-06-06,0.7917687405892873
100016,2024-06-07,1.0708416553143985
100016,2024-06-10,1.1643652990785167
100016,2024-06-11,1.3216716281015968
100016,2024-06-12,1.2687995900328934
100016,2024-06-13,1.465321910663802
100016,2024-06-14,1.6895448371079143
100016,2024-06-17,1.3775785934403324
100016,2024-06-18,1.6298453933379249
100016,2024-06-19,1.1968948814368656
100016,2024-06-20,0.9047915043231358
100016,2024-06-21,1.0910720079501004
100016,2024-06-24,1.0640963967362058
100016,2024-06-25,1.2235927980755237
100016,2024-06-26,0.8590989052883475
100016,2024-06-27,1.0147562072965288
100016,2024-06-28,0.764288556986017
100016,2024-07-01,0.8491506607233014
100016,2024-07-02,0.5162414508062647
100016,2024-07-03,0.6645662188586916
100016,2024-07-04,0.6475768623068877
100016,2024-07-05,0.5527494283426091
100016,2024-07-08,0.653509824697375
100016,2024-07-09,0.2557673722934944
100016,2024-07-10,0.3991407149565126
100016,2024-07-11,0.15997821268950563
100016,2024-07-12,0.20956900988669505
100016,2024-07-15,0.07239484440307757
100016,2024-07-16,0.05668005375564167
100016,2024-07-17,-0.18362544982587573
100016,2024-07-18,-0.3544314703381422
100016,2024-07-19,-0.2070417369027604
100016,2024-07-22,-0.0826179930624668
100016,2024-07-23,-0.21335159173677537
100016,2024-07-24,-0.06357562421282442
100016,2024-07-25,-0.22070554895634525
100016,2024-07-26,-0.27929889364016497
100016,2024-07-29,-0.7057626146657913
100016,2024-07-30,-0.6174250641711815
100016,2024-07-31,-0.3094141178398264
100016,2024-08-01,-0.23597925221826768
100016,2024-08-02,-0.3105597020424295
100016,2024-08-05,-0.23668121340274714
100016,2024-08-06,-0.4953952421004745
100016,2024-08-07,-0.15731507392487198
100016,2024-08-08,0.04978933284196432
100016,2024-08-09,-0.020934817849811212
100016,2024-08-12,0.02874404553077173
100016,2024-08-13,-0.3758343323631329
100016,2024-08-14,-0.5869708613151867
100016,2024-08-15,-0.7698257250395183
100016,2024-08-16,-0.7531025483638304
100016,2024-08-19,-0.8173677972956601
100016,2024-08-20,-0.9562809286509969
100016,2024-08-21,-1.215460989258902
100016,2024-08-22,-0.9504295441381349
100016,2024-08-23,-0.7492689702270735
100016,2024-08-26,-1.5465521897731556
100016,2024-08-27,-1.4024492802277417
100016,2024-08-28,-1.4068015728004903
100016,2024-08-29,-1.3766330939441807
100016,2024-08-30,-0.9185974650868346
100016,2024-09-02,-1.0263958166668163
100016,2024-09-03,-1.5565131936745518
100016,2024-09-04,-1.3856273206813856
100016,2024-09-05,-1.4236901737224086
100016,2024-09-06,-1.1183778188394593
100016,2024-09-09,-1.3305633175271185
100016,2024-09-10,-1.3606964941941748
100016,2024-09-11,-1.456500494761903
100016,2024-09-12,-1.6884691212464968
100016,2024-09-13,-2.203761213496893
100016,2024-09-16,-2.7476952516406232
100016,2024-09-17,-2.898633264483126
100016,2024-09-18,-2.3538468649185678
100016,2024-09-19,-2.3337209940051578
100016,2024-09-20,-2.2335321621977817
100016,2024-09-23,-2.255091199787747
100016,2024-09-24,-2.4330764972529746
100016,2024-09-25,-2.6933925886933294
100016,2024-09-26,-2.8439380221548105
100016,2024-09-27,-3.0151293823304774
100016,2024-09-30,-3.0811953826495015
100016,2024-10-01,-3.301214045672521
100016,2024-10-02,-3.4019936623577562
100016,2024-10-03,-3.486789366507532
100016,2024-10-04,-3.620346751995201
100016,2024-10-07,-4.134168902570126
100016,2024-10-08,-3.9569999837725582
100016,2024-10-09,-3.8312348891446386
100016,2024-10-10,-4.1409556623363075
100016,2024-10-11,-4.511378882589425
100016,2024-10-14,-4.680511404201823
100016,2024-10-15,-4.433526928388291
100016,2024-10-16,-4.363661037571871
100016,2024-10-17,-4.603353570757537
100016,2024-10-18,-4.712871892539677
100016,2024-10-21,-4.266189403811424
100016,2024-10-22,-4.5626958315985116
100016,2024-10-23,-4.469419266496999
100016,2024-10-24,-4.411040470092704
100016,2024-10-25,-4.093340882848843
100016,2024-10-28,-3.6222126762559883
100016,2024-10-29,-3.687308318165679
100016,2024-10-30,-3.703303377870885
100016,2024-10-31,-3.80928030333956
100016,2024-11-01,-3.2894504207900446
100016,2024-11-04,-3.3334061986490715
100016,2024-11-05,-3.347720419007179
100016,2024-11-06,-3.0837601581726726
100016,2024-11-07,-3.050655135275951
100016,2024-11-08,-3.3246187141061667
100016,2024-11-11,-3.539634302165075
100016,2024-11-12,-3.3146442132904297
100016,2024-11-13,-3.12613405065802
100016,2024-11-14,-3.0609047055044023
100016,2024-11-15,-3.159100636601702
100016,2024-11-18,-2.990066503637988
100016,2024-11-19,-3.1675567501060775
100016,2024-11-20,-2.809984857267701
100016,2024-11-21,-3.091527932375775
100016,2024-11-22,-2.946018230279723
100016,2024-11-25,-2.8760907780164273
100016,2024-11-26,-2.4171252338875093
100016,2024-11-27,-2.6231291195251116
100016,2024-11-28,-2.9149223575791563
100016,2024-11-29,-2.585236783641016
100016,2024-12-02,-2.0959942897211943
100016,2024-12-03,-1.7987166242407593
100016,2024-12-04,-2.17144488717354
100016,2024-12-05,-2.2485750025476943
100016,2024-12-06,-2.129615798758828
100016,2024-12-09,-2.340472096508846
100016,2024-12-10,-1.8765420221741929
100016,2024-12-11,-2.1380691624133052
100016,2024-12-12,-2.77579435450353
100016,2024-12-13,-2.636957295296028
100016,2024-12-16,-2.5920754826763983
100016,2024-12-17,-2.235777061785031
100016,2024-12-18,-2.062923520615259
100016,2024-12-19,-1.6923168291768929
100016,2024-12-20,-1.5058456313306756
100016,2024-12-23,-1.3987978821817437
100016,2024-12-24,-1.2347964752372156
100016,2024-12-25,-1.192950039734158
100016,2024-12-26,-1.2809646950983697
100016,2024-12-27,-1.514207257490149
100016,2024-12-30,-1.09742874259124
100016,2024-12-31,-0.9905304234889832
100016,2025-01-01,-0.46672063803722336
100016,2025-01-02,-0.40161532927767446
100016,2025-01-03,-0.662230054235715
100016,2025-01-06,-0.35849639424402924
100016,2025-01-07,-0.39026572482876404
100016,2025-01-08,-0.18559624139335645
100016,2025-01-09,0.1192916800043889
100016,2025-01-10,-0.12490183639591167
100016,2025-01-13,-0.02550345207141022
100016,2025-01-14,-0.654388823560781
100016,2025-01-15,-0.7594121748865285
100016,2025-01-16,-0.6845652867589073
100016,2025-01-17,-0.4164401344976111
100016,2025-01-20,-0.3075823395545396
100016,2025-01-21,-0.3743013075217367
100016,2025-01-22,-0.693030208417491
100016,2025-01-23,-0.5032141622178006
100016,2025-01-24,-0.42194528870629544
100016,2025-01-27,-0.358561636172134
100016,2025-01-28,0.06549151037990743
100016,2025-01-29,0.16439343017942437
100016,2025-01-30,-0.07072124162154933
100016,2025-01-31,0.09081109706705147
100016,2025-02-03,-0.29543345563767776
100016,2025-02-04,-0.16693382411253085
100016,2025-02-05,0.11298007699665064
100016,2025-02-06,0.1399310357176976
100016,2025-02-07,0.49654479162099285
100016,2025-02-10,0.4376094533915952
100016,2025-02-11,0.7189806553565992
100016,2025-02-12,0.663704741350438
100016,2025-02-13,1.3458543135217695
100016,2025-02-14,1.691651705897357
100016,2025-02-17,1.706930999470677
100016,2025-02-18,1.7750537971935818
100016,2025-02-19,1.9109460201161879
100016,2025-02-20,1.9941705667818137
100016,2025-02-21,2.1550398285051706
100016,2025-02-24,2.01236941494537
100016,2025-02-25,2.165511151722574
100016,2025-02-26,2.662761643325213
100016,2025-02-27,2.636549101983648
100016,2025-02-28,2.545126050465484
100016,2025-03-03,2.3679761512925035
100016,2025-03-04,2.2939451853385195
100016,2025-03-05,2.3797883230330124
100016,2025-03-06,2.3536281031668937
100016,2025-03-07,1.7681131357124273
100016,2025-03-10,1.6957870006724203
100016,2025-03-11,1.9122926537064326
100016,2025-03-12,1.6966400992941997
100016,2025-03-13,1.2821035183486755
100016,2025-03-14,1.7397825545417147
100016,2025-03-17,1.6912244126978675
100016,2025-03-18,1.7591200190184315
100016,2025-03-19,1.5130531090698838
100016,2025-03-20,1.3623292861952363
100016,2025-03-21,1.4743419843366377
100016,2025-03-24,1.226891139345366
100016,2025-03-25,1.2331708817887244
100016,2025-03-26,1.403619004177627
100016,2025-03-27,1.548162609603264
100016,2025-03-28,1.0179610916294717
100016,2025-03-31,1.2866296708068685
100016,2025-04-01,0.98348946991481
100016,2025-04-02,0.7900870138616896
100016,2025-04-03,0.6902688551824181
100016,2025-04-04,0.7418732412793125
100016,2025-04-07,0.25195811581362626
100016,2025-04-08,0.10902115157185896
100016,2025-04-09,0.40007376452258925
100016,2025-04-10,0.526403379331134
100016,2025-04-11,0.4907987932359784
100016,2025-04-14,0.31519068838088393
100016,2025-04-15,-0.11729408020882404
100016,2025-04-16,-0.10971904514669006
100016,2025-04-17,0.22624439266651844
100016,2025-04-18,0.20177281132999714
100016,2025-04-21,0.38688009634162523
100016,2025-04-22,0.5711471767667013
100016,2025-04-23,0.41554416319773174
100016,2025-04-24,0.6500015979921644
100016,2025-04-25,0.590556737242453
100016,2025-04-28,0.5411668992826657
100016,2025-04-29,0.7862606179278945
100016,2025-04-30,1.1725313699644615
100016,2025-05-01,0.9187844360473977
100016,2025-05-02,1.01754538561387
100016,2025-05-05,0.514413697373036
100016,2025-05-06,0.4712183607358868
100016,2025-05-07,0.28154032838697857
100016,2025-05-08,0.06802790359184893
100016,2025-05-09,0.07317307330528763
100016,2025-05-12,-0.3939501004836189
100016,2025-05-13,-0.17881536054826522
100016,2025-05-14,-0.05282676905809243
100016,2025-05-15,-0.06482580429239834
100016,2025-05-16,0.1727569341585859
100016,2025-05-19,-0.12534435638352956
100016,2025-05-20,0.38691855023582666
100016,2025-05-21,0.6198098261042108
100016,2025-05-22,0.5199093684277436
100016,2025-05-23,0.37725775776321374
100016,2025-05-26,0.3731578186138376
100016,2025-05-27,0.7094389217284919
100016,2025-05-28,0.6227918957701105
100016,2025-05-29,0.4894733826351349
100016,2025-05-30,0.384530589011304
100016,2025-06-02,0.2008309539127121
100016,2025-06-03,0.30691504451807683
100016,2025-06-04,0.09857122972527382
100016,2025-06-05,0.11151734243128306
100016,2025-06-06,-0.0038947091014414157
100016,2025-06-09,0.5236692572615831
100016,2025-06-10,0.6317489459147996
100016,2025-06-11,0.29548811450567425
100016,2025-06-12,0.3639427596253155
100016,2025-06-13,0.1672018305384703
100016,2025-06-16,0.25992399376988085
100016,2025-06-17,-0.02138665739818525
100016,2025-06-18,-0.11361253569170346
100016,2025-06-19,-0.307431527339336
100016,2025-06-20,-0.3948787008288679
100016,2025-06-23,-0.20303643134969215
100016,2025-06-24,-0.661492554047314
100016,2025-06-25,-0.3670071566700774
100016,2025-06-26,-0.4213994844623414
100016,2025-06-27,-0.590336642395844
100016,2025-06-30,-0.4278491269218527
100016,2025-07-01,-0.3166719672734879
100016,2025-07-02,-0.5433033183623855
100016,2025-07-03,-0.8879331064505976
100016,2025-07-04,-1.0302558273420777
100016,2025-07-07,-1.3781186196435162
100016,2025-07-08,-1.4761091587706907
100016,2025-07-09,-1.3518597815880176
100016,2025-07-10,-1.329322325989593
100016,2025-07-11,-0.9307106124743487
100016,2025-07-14,-0.8425694661393172
100016,2025-07-15,-0.992515896094482
100016,2025-07-16,-0.8856376344717353
100016,2025-07-17,-0.6172420951243146
100016,2025-07-18,-0.7354393586691704
100016,2025-07-21,-0.6189250455748658
100016,2025-07-22,-0.8666548398187486
100016,2025-07-23,-0.9715846965031919
100016,2025-07-24,-0.9347403884082601
100016,2025-07-25,-1.0735464187064983
100016,2025-07-28,-1.0902441848402002
100016,2025-07-29,-0.849897873370359
100016,2025-07-30,-0.9897081761887099
100016,2025-07-31,-0.8927182606813516
100016,2025-08-01,-0.5839315043764451
100016,2025-08-04,-0.8024008130250523
100016,2025-08-05,-0.8044096251868049
100016,2025-08-06,-0.8583867300062463
100016,2025-08-07,-0.8568066996717969
100016,2025-08-08,-1.3140817983531694
100016,2025-08-11,-1.0032658647528339
100016,2025-08-12,-1.1388918508295942
100016,2025-08-13,-1.3564300835110625
100016,2025-08-14,-1.34783490897507
100016,2025-08-15,-1.2388287491427419
100016,2025-08-18,-1.137753924102041
100016,2025-08-19,-0.8022839077710877
100016,2025-08-20,-0.6241691980476309
100016,2025-08-21,-0.6833858909838458
100016,2025-08-22,-0.8661793640649461
100016,2025-08-25,-0.7688652108023749
100016,2025-08-26,-0.9746054346044254
100016,2025-08-27,-1.1303175966370302
100016,2025-08-28,-1.8094035293207869
100016,2025-08-29,-2.0038219366688526
100016,2025-09-01,-2.201303643728998
100016,2025-09-02,-2.4970345159903835
100016,2025-09-03,-3.051977617491148
100016,2025-09-04,-2.479720821911753
100016,2025-09-05,-2.491834298446956
100016,2025-09-08,-1.8843653285985449
100016,2025-09-09,-1.6186458615902466
100016,2025-09-10,-1.3940395177390124
100016,2025-09-11,-1.3320217483761916
100016,2025-09-12,-1.5445048529092482
100016,2025-09-15,-1.1097479964188919
100016,2025-09-16,-0.9756516078950807
100016,2025-09-17,-1.2832630746003564
100016,2025-09-18,-0.8225614232304607
100016,2025-09-19,-0.7414776198780332
100016,2025-09-22,-0.3526794771103495
100016,2025-09-23,-0.23283099437343713
100016,2025-09-24,-0.09798266493737266
100016,2025-09-25,-0.4013766601877868
100016,2025-09-26,-0.3553168503570961
100016,2025-09-29,-0.06739777711146604
100016,2025-09-30,-0.2787849049991507
100016,2025-10-01,-0.08698295820192647
100016,2025-10-02,-0.20162621086706323
100016,2025-10-03,0.12489605911795104
100016,2025-10-06,0.6082614220889941
100016,2025-10-07,0.14245602283516226
100016,2025-10-08,0.31951382041155374
100016,2025-10-09,0.3175465516555068
100016,2025-10-10,0.6008937851670456
100016,2025-10-13,0.37633923771116673
100016,2025-10-14,0.4224695296583229
100016,2025-10-15,0.6534475985389246
100016,2025-10-16,0.9491863837395146
100016,2025-10-17,0.7325754841675544
100016,2025-10-20,0.38940223260439316
100016,2025-10-21,0.38109732630114945
100016,2025-10-22,0.24113298282891232
100016,2025-10-23,-0.06461285351814419
100016,2025-10-24,-0.13962611053028331
100016,2025-10-27,-0.6046586036437874
100016,2025-10-28,-0.5540290790073952
100016,2025-10-29,-0.7362318129882313
100016,2025-10-30,-0.8027937407346603
100016,2025-10-31,-0.8852230593729019
100016,2025-11-03,-0.8741624530886323
100016,2025-11-04,-0.8964851098857493
100016,2025-11-05,-1.0948148650402112
100016,2025-11-06,-0.594140982602849
100016,2025-11-07,-0.795172218214158
100016,2025-11-10,-1.02188221603316
100016,2025-11-11,-0.7546705001842887
100016,2025-11-12,-0.6321567781865397
100016,2025-11-13,-0.3336865710597056
100016,2025-11-14,-0.42640907079839485
100016,2025-11-17,-0.3275844463728687
100016,2025-11-18,-0.2496248660905781
100016,2025-11-19,-0.2617719470135557
100016,2025-11-20,-0.0008896037241334282
100016,2025-11-21,-0.4961613661425053
100016,2025-11-24,-0.5568770431681611
100016,2025-11-25,-0.20551739589644333
100016,2025-11-26,-0.01811802650837142
100016,2025-11-27,0.34785764903784255
100016,2025-11-28,0.33522994447047627
100016,2025-12-01,0.38008235763375264
100016,2025-12-02,0.3430672526462935
100016,2025-12-03,-0.11552457510639177
100016,2025-12-04,-0.28645210879711885
100016,2025-12-05,-0.45539729835166687
100016,2025-12-08,-0.3495290921291979
100016,2025-12-09,-0.13615629825774775
100016,2025-12-10,0.05440988881612924
100016,2025-12-11,0.45249571178033776
100016,2025-12-12,0.535423169346946
100016,2025-12-15,0.6458606478890975
100016,2025-12-16,0.7569984217300223
100016,2025-12-17,0.802910521360875
100016,2025-12-18,0.6899464739110927
100016,2025-12-19,0.7148238665877404
100016,2025-12-22,0.8195050613368384
100016,2025-12-23,0.8164167347418464
100016,2025-12-24,0.46541771401857057
100016,2025-12-25,0.47031550111465914
100016,2025-12-26,0.7055959051222042
100016,2025-12-29,0.5087936969420785
100016,2025-12-30,0.46051861974417946
100016,2025-12-31,0.9615002419000225
100016,2026-01-01,1.0947880017814529
100016,2026-01-02,1.1027984909486874
100016,2026-01-05,1.5120490387215593
100016,2026-01-06,1.8106206919696104
100016,2026-01-07,2.036847709383734
100016,2026-01-08,1.7747503028056728
100016,2026-01-09,2.006581224732211
100016,2026-01-12,1.6865863576053195
100016,2026-01-13,1.3229708810395624
100016,2026-01-14,0.7148323286296456
100016,2026-01-15,0.9220636416971638
100016,2026-01-16,1.1040624643912686
100016,2026-01-19,1.012943681421471
100016,2026-01-20,0.7075237235468306
100016,2026-01-21,0.8274936228336457
100016,2026-01-22,0.5013140555622284
100016,2026-01-23,0.15952465377461894
100016,2026-01-26,0.1396074990485161
100016,2026-01-27,-0.25557272587279073
100016,2026-01-28,-0.43794561244511254
100016,2026-01-29,-0.3815834716221234
100016,2026-01-30,-0.5223916276693409
100016,2026-02-02,-0.6876471083801307
100016,2026-02-03,-0.8565778689775684
100016,2026-02-04,-1.042347610354928
100016,2026-02-05,-0.8855060721011729
100016,2026-02-06,-1.2671744445505186
100016,2026-02-09,-1.2108163658667759
100016,2026-02-10,-0.772997358925845
100016,2026-02-11,-0.9269821342839878
100016,2026-02-12,-0.7363440258693206
100016,2026-02-13,-0.7149115240356195
100016,2026-02-16,-0.8854464067336959
100016,2026-02-17,-1.2337207110932535
100016,2026-02-18,-1.2875591219307045
100016,2026-02-19,-1.847341228826456
100016,2026-02-20,-1.7587287124453164
100016,2026-02-23,-1.4291267384399604
100016,2026-02-24,-1.4845830324597995
100016,2026-02-25,-1.4248602635407428
100016,2026-02-26,-1.1762616279624543
100016,2026-02-27,-0.951955486165441
100016,2026-03-02,-0.9911026803841033
100016,2026-03-03,-0.6812638083536534
100016,2026-03-04,-1.0420834318321737
100016,2026-03-05,-1.053363954027583
100016,2026-03-06,-1.0659577608780093
100016,2026-03-09,-1.3186772600699148
100016,2026-03-10,-1.2875105478093751
100016,2026-03-11,-0.9205066520654049
100016,2026-03-12,-1.1126023989762976
100016,2026-03-13,-0.4065692611026623
100016,2026-03-16,0.03403761524500776
100016,2026-03-17,-0.00693066846885253
100016,2026-03-18,-0.009480623045124538
100016,2026-03-19,0.06635820750791917
100016,2026-03-20,-0.11604815876644081
100016,2026-03-23,-0.4228874391728914
100016,2026-03-24,-0.5100979302965478
100016,2026-03-25,-0.5523836622359224
100016,2026-03-26,-1.0914705800831896
100016,2026-03-27,-0.7684592066141352
100016,2026-03-30,-0.5521815313541277
100016,2026-03-31,-0.892026848215011
100016,2026-04-01,-0.9862382291372187
100016,2026-04-02,-1.37734697314198
100016,2026-04-03,-1.1199969154265343
100016,2026-04-06,-1.2472874271791037
100016,2026-04-07,-0.9293908155223624
100016,2026-04-08,-0.2605519520495466
100016,2026-04-09,-0.031112880341583913
100016,2026-04-10,0.14539730766283743
100016,2026-04-13,0.17945411499067554
100016,2026-04-14,0.21565133066322864
100016,2026-04-15,0.031870612804510874
100016,2026-04-16,-0.18839539524862445
100016,2026-04-17,-0.3730281871291975
100016,2026-04-20,-0.5054635459468266
100016,2026-04-21,-0.397072689877982
100016,2026-04-22,-0.6195884578679385
100016,2026-04-23,-0.6497094969806886
100016,2026-04-24,-0.97150601765772
100016,2026-04-27,-1.0450572128968632
100016,2026-04-28,-1.1173985479900082
100016,2026-04-29,-1.0571599986475808
100016,2026-04-30,-0.9336560242415827
100016,2026-05-01,-1.2963205768794366
100016,2026-05-04,-1.2515634432715637
100016,2026-05-05,-1.1866270226633926
100016,2026-05-06,-1.4510462911677173
100016,2026-05-07,-1.385428504370708
100016,2026-05-08,-1.3235954581397429
100016,2026-05-11,-1.6963639167076474
100016,2026-05-12,-2.19946526535933
100016,2026-05-13,-2.1515606750188616
100016,2026-05-14,-2.206429816043965
100016,2026-05-15,-2.4471328958851797
100016,2026-05-18,-2.116374932571819
100016,2026-05-19,-1.301060009611691
100016,2026-05-20,-1.1515192126135114
100016,2026-05-21,-1.3622555017647817
100016,2026-05-22,-1.338890292797702
100016,2026-05-25,-1.4029841129959684
100016,2026-05-26,-1.3746940127423641
100016,2026-05-27,-1.66088681107555
100016,2026-05-28,-1.6083287711163448
100016,2026-05-29,-1.6318220759123307
100025,2022-03-07,0.17957945343279755
100025,2022-03-08,0.028148163938838105
100025,2022-03-09,0.5041235920090855
100025,2022-03-10,0.4171482138411929
100025,2022-03-11,-0.15425959202843778
100025,2022-03-14,-0.1684709618646004
100025,2022-03-15,-0.18635549488013986
100025,2022-03-16,0.1649276909472788
100025,2022-03-17,0.17061679613438177
100025,2022-03-18,0.053231786989501914
100025,2022-03-21,0.3443197267107787
100025,2022-03-22,0.3773010220044044
100025,2022-03-23,0.17280132466461762
100025,2022-03-24,0.4787836019139926
100025,2022-03-25,0.528116182010228
100025,2022-03-28,0.5275149645665509
100025,2022-03-29,0.5718212264893312
100025,2022-03-30,0.2938162778984486
100025,2022-03-31,0.16119793756255854
100025,2022-04-01,0.1636087723071416
100025,2022-04-04,0.11691289198403473
100025,2022-04-05,0.4257915423464237
100025,2022-04-06,0.4773600572572422
100025,2022-04-07,0.6769324145068136
100025,2022-04-08,0.6770809247755355
100025,2022-04-11,0.9148410166889986
100025,2022-04-12,1.001862162830805
100025,2022-04-13,1.0003641110564887
100025,2022-04-14,0.9932550285020498
100025,2022-04-15,0.7683232186495627
100025,2022-04-18,0.8770269278276972
100025,2022-04-19,0.8648503330580937
100025,2022-04-20,0.7502237128740887
100025,2022-04-21,0.9802612133088199
100025,2022-04-22,0.7007138557472329
100025,2022-04-25,0.6092815590937941
100025,2022-04-26,0.8168517976845586
100025,2022-04-27,0.8786183930103099
100025,2022-04-28,0.8658352909272208
100025,2022-04-29,0.9136039766943989
100025,2022-05-02,0.946756504589572
100025,2022-05-03,0.6289970028299968
100025,2022-05-04,0.5581731529302006
100025,2022-05-05,0.8590646524138167
100025,2022-05-06,0.7283362667985637
100025,2022-05-09,0.6657362742392531
100025,2022-05-10,0.8632230454832779
100025,2022-05-11,0.8721223930500046
100025,2022-05-12,0.9277986115078524
100025,2022-05-13,0.889163179606918
100025,2022-05-16,0.45009004363356264
100025,2022-05-17,0.5042239749605173
100025,2022-05-18,0.7074362903680323
100025,2022-05-19,0.7118067935918078
100025,2022-05-20,0.6400593245577733
100025,2022-05-23,0.7146955050824716
100025,2022-05-24,0.7013570195333505
100025,2022-05-25,0.8343651736918123
100025,2022-05-26,1.3330835392567044
100025,2022-05-27,1.3233026870360716
100025,2022-05-30,1.0915910694926896
100025,2022-05-31,1.1974710313770955
100025,2022-06-01,1.555151336036555
100025,2022-06-02,1.7619934679782265
100025,2022-06-03,1.7481387748959296
100025,2022-06-06,1.6377219123216136
100025,2022-06-07,1.4758036745671688
100025,2022-06-08,1.2715658156520036
100025,2022-06-09,1.2134151432952858
100025,2022-06-10,1.1326780585822673
100025,2022-06-13,0.880701718260031
100025,2022-06-14,0.5351036672911424
100025,2022-06-15,0.6038454089323407
100025,2022-06-16,0.866523660897573
100025,2022-06-17,1.0713483877474173
100025,2022-06-20,0.7474139973473983
100025,2022-06-21,0.580919766433432
100025,2022-06-22,0.6683386811738813
100025,2022-06-23,0.4549431014526713
100025,2022-06-24,0.5937634088505724
100025,2022-06-27,0.3840344088909895
100025,2022-06-28,0.4319012703719988
100025,2022-06-29,0.7353582770235678
100025,2022-06-30,0.7508785179274633
100025,2022-07-01,0.7157882264866936
100025,2022-07-04,1.4728629189029483
100025,2022-07-05,1.1863539089886783
100025,2022-07-06,0.6847918803040346
100025,2022-07-07,0.8817628029275767
100025,2022-07-08,0.8526593082170262
100025,2022-07-11,1.0488498513295357
100025,2022-07-12,1.0968258402807296
100025,2022-07-13,0.9961500902933638
100025,2022-07-14,0.8422376840280427
100025,2022-07-15,1.091980790293615
100025,2022-07-18,0.885726562890477
100025,2022-07-19,0.919585856043229
100025,2022-07-20,0.442527276795607
100025,2022-07-21,0.2953563375591372
100025,2022-07-22,0.23587385716043968
100025,2022-07-25,-0.03644371766241909
100025,2022-07-26,-0.36669362660658816
100025,2022-07-27,-0.19479796524112591
100025,2022-07-28,-0.1758099456490938
100025,2022-07-29,-0.18761930967259613
100025,2022-08-01,0.12863261243064017
100025,2022-08-02,0.359130697521191
100025,2022-08-03,0.73227858317892
100025,2022-08-04,0.855350427169611
100025,2022-08-05,0.8591950859448968
100025,2022-08-08,1.0490030142648032
100025,2022-08-09,0.7212399601671446
100025,2022-08-10,0.2885899909073693
100025,2022-08-11,0.2175492693131009
100025,2022-08-12,-0.008670135091873988
100025,2022-08-15,-0.40662250942059475
100025,2022-08-16,-0.48570751908530974
100025,2022-08-17,-0.506869603481388
100025,2022-08-18,-0.7726035861503705
100025,2022-08-19,-0.5575301994234446
100025,2022-08-22,-0.465224881021532
100025,2022-08-23,-0.6716983811778121
100025,2022-08-24,-0.3248189733948445
100025,2022-08-25,-0.829733679969265
100025,2022-08-26,-0.18452615792322477
100025,2022-08-29,-0.1825716858501348
100025,2022-08-30,-0.3496472094574967
100025,2022-08-31,-0.7476178968117654
100025,2022-09-01,-0.7501569976214955
100025,2022-09-02,-0.7542396345176495
100025,2022-09-05,-0.803402434639502
100025,2022-09-06,-0.6359439121481804
100025,2022-09-07,-0.7433973928380755
100025,2022-09-08,-0.8410290079670311
100025,2022-09-09,-0.7138240560016946
100025,2022-09-12,-0.3595427387918733
100025,2022-09-13,-0.3568412873771279
100025,2022-09-14,-0.4206179183029323
100025,2022-09-15,-0.16239051891335532
100025,2022-09-16,-0.5422957958294254
100025,2022-09-19,-0.79188082673841
100025,2022-09-20,-0.7307498467563192
100025,2022-09-21,-0.7510181397058175
100025,2022-09-22,-0.9981593223677697
100025,2022-09-23,-0.6160112588075727
100025,2022-09-26,-0.9269402221686891
100025,2022-09-27,-0.7619504689535298
100025,2022-09-28,-0.9118881281212025
100025,2022-09-29,-1.552761307608892
100025,2022-09-30,-1.4377782304774724
100025,2022-10-03,-1.2788267504194786
100025,2022-10-04,-1.1300323450310803
100025,2022-10-05,-1.4710546514828498
100025,2022-10-06,-1.4638831571064435
100025,2022-10-07,-1.6549547418319728
100025,2022-10-10,-1.5622536227142074
100025,2022-10-11,-1.6283445591937376
100025,2022-10-12,-1.7253513770376052
100025,2022-10-13,-1.8203205852436137
100025,2022-10-14,-1.5870566656976415
100025,2022-10-17,-1.7112025900819816
100025,2022-10-18,-1.5268029482663095
100025,2022-10-19,-1.787057999890888
100025,2022-10-20,-2.0373354990327637
100025,2022-10-21,-1.9529623687697735
100025,2022-10-24,-2.1246014584584962
100025,2022-10-25,-2.0284921450429594
100025,2022-10-26,-1.9367120233212072
100025,2022-10-27,-1.8041088890262136
100025,2022-10-28,-1.42179190418769
100025,2022-10-31,-1.462154834838201
100025,2022-11-01,-1.0707314152957086
100025,2022-11-02,-1.1602129018983736
100025,2022-11-03,-1.5939999457027478
100025,2022-11-04,-1.3610196379508173
100025,2022-11-07,-1.8473249877505247
100025,2022-11-08,-1.8922716366248578
100025,2022-11-09,-1.873571335139121
100025,2022-11-10,-1.9096393741146382
100025,2022-11-11,-2.188622850228023
100025,2022-11-14,-2.124570027254423
100025,2022-11-15,-2.115104298735252
100025,2022-11-16,-2.3717884570630905
100025,2022-11-17,-2.143935687015946
100025,2022-11-18,-2.0623563304210952
100025,2022-11-21,-2.074504272655301
100025,2022-11-22,-1.5441644043209233
100025,2022-11-23,-1.4524607035959984
100025,2022-11-24,-1.669451347767984
100025,2022-11-25,-1.6897719909093167
100025,2022-11-28,-1.8397470922782047
100025,2022-11-29,-1.4787184884015105
100025,2022-11-30,-1.4403365936756014
100025,2022-12-01,-1.587397414530909
100025,2022-12-02,-1.6687502757100454
100025,2022-12-05,-1.9880976181728072
100025,2022-12-06,-2.2901441036090704
100025,2022-12-07,-2.4423279066471615
100025,2022-12-08,-2.305641401935022
100025,2022-12-09,-2.2516933299844974
100025,2022-12-12,-2.2997126888733987
100025,2022-12-13,-2.148818120987173
100025,2022-12-14,-1.7110505605091435
100025,2022-12-15,-1.7467605413968443
100025,2022-12-16,-1.5054112832661641
100025,2022-12-19,-1.1412477936139014
100025,2022-12-20,-1.2494939607798559
100025,2022-12-21,-1.3716574660997256
100025,2022-12-22,-1.3379689230254026
100025,2022-12-23,-1.335160056534474
100025,2022-12-26,-1.7856122626857018
100025,2022-12-27,-1.5295310502263795
100025,2022-12-28,-1.7747249114802477
100025,2022-12-29,-1.3300047771943797
100025,2022-12-30,-1.8402552190386117
100025,2023-01-02,-1.8054428443765462
100025,2023-01-03,-1.6254420284555995
100025,2023-01-04,-1.0755630239289593
100025,2023-01-05,-1.1789401614377315
100025,2023-01-06,-1.1869934900911723
100025,2023-01-09,-1.1212655616802683
100025,2023-01-10,-0.9621413463872903
100025,2023-01-11,-0.8490920965188197
100025,2023-01-12,-0.8217849244061106
100025,2023-01-13,-1.1291711700136833
100025,2023-01-16,-1.477922865141072
100025,2023-01-17,-1.3117666298834796
100025,2023-01-18,-1.1591519266502195
100025,2023-01-19,-1.0608012483842393
100025,2023-01-20,-0.5880317356829643
100025,2023-01-23,-0.4342422593756018
100025,2023-01-24,-0.3986072137621951
100025,2023-01-25,-0.32248353121503887
100025,2023-01-26,0.14817412139908392
100025,2023-01-27,0.13812946477224053
100025,2023-01-30,0.5907626116423618
100025,2023-01-31,0.5775576535121565
100025,2023-02-01,0.5074772267420462
100025,2023-02-02,0.7517711739293395
100025,2023-02-03,0.855408777627683
100025,2023-02-06,0.5717358615836567
100025,2023-02-07,0.3668242569790709
100025,2023-02-08,-0.003835996413875534
100025,2023-02-09,-0.016725774592677045
100025,2023-02-10,-0.14815206533783667
100025,2023-02-13,0.022406122246818688
100025,2023-02-14,0.1672225873552028
100025,2023-02-15,0.5931319476185501
100025,2023-02-16,0.8284906395849798
100025,2023-02-17,0.5022604342830691
100025,2023-02-20,0.8306728955991288
100025,2023-02-21,1.1191102785667526
100025,2023-02-22,1.228230229394918
100025,2023-02-23,1.1798082148128801
100025,2023-02-24,0.6546012080778176
100025,2023-02-27,0.6946573907804799
100025,2023-02-28,0.6280163100821958
100025,2023-03-01,0.5508125868110098
100025,2023-03-02,0.27372028350478594
100025,2023-03-03,-0.29420395831283147
100025,2023-03-06,0.23387614787686922
100025,2023-03-07,0.25985542240748627
100025,2023-03-08,-0.020553498134993263
100025,2023-03-09,0.18810446806697026
100025,2023-03-10,-0.32340876553750214
100025,2023-03-13,0.2726352083773478
100025,2023-03-14,0.4141561469484457
100025,2023-03-15,0.8154485113751622
100025,2023-03-16,0.41491063894171576
100025,2023-03-17,0.744460409417036
100025,2023-03-20,0.6643261261732344
100025,2023-03-21,0.8511083160759434
100025,2023-03-22,1.102700013637231
100025,2023-03-23,1.0446283255934352
100025,2023-03-24,0.982322691034555
100025,2023-03-27,1.3278949012878931
100025,2023-03-28,0.8430706351203072
100025,2023-03-29,0.7666312685332944
100025,2023-03-30,1.0421233675339603
100025,2023-03-31,0.908067484819796
100025,2023-04-03,1.0652959554178483
100025,2023-04-04,1.1156357544409117
100025,2023-04-05,1.0880372658498687
100025,2023-04-06,0.9052578246606318
100025,2023-04-07,1.1316883707332668
100025,2023-04-10,1.0193570107051615
100025,2023-04-11,1.110920751926911
100025,2023-04-12,1.0916899821542028
100025,2023-04-13,1.0815211444634862
100025,2023-04-14,0.6988656523064045
100025,2023-04-17,0.43971320485937365
100025,2023-04-18,0.03359263211761409
100025,2023-04-19,-0.1817393539145395
100025,2023-04-20,-0.007804527755572404
100025,2023-04-21,-0.16852529690005238
100025,2023-04-24,-0.48913117592373656
100025,2023-04-25,-0.2003991231940278
100025,2023-04-26,0.15962611016065498
100025,2023-04-27,0.3674975352063903
100025,2023-04-28,0.46107646717168915
100025,2023-05-01,0.6153374412869771
100025,2023-05-02,0.781931881917148
100025,2023-05-03,1.176127854009514
100025,2023-05-04,1.069536866890466
100025,2023-05-05,0.7907598634876574
100025,2023-05-08,0.7255032297126791
100025,2023-05-09,0.63687013162944
100025,2023-05-10,0.3132582908235888
100025,2023-05-11,0.6657242663377316
100025,2023-05-12,0.7383555834455092
100025,2023-05-15,0.5556169826028916
100025,2023-05-16,0.4941357354319061
100025,2023-05-17,0.37861152178323865
100025,2023-05-18,0.11593119715290795
100025,2023-05-19,0.3648763154031352
100025,2023-05-22,0.6559504062415225
100025,2023-05-23,0.9405481657827217
100025,2023-05-24,0.5952342228339591
100025,2023-05-25,0.013996873774983916
100025,2023-05-26,-0.24183883976342296
100025,2023-05-29,-0.454016971064984
100025,2023-05-30,-0.6805321056867655
100025,2023-05-31,-0.4217307296894799
100025,2023-06-01,-0.319296942168755
100025,2023-06-02,-0.6131786324436528
100025,2023-06-05,-0.8729989038103074
100025,2023-06-06,-1.222492443382648
100025,2023-06-07,-1.1596618172799162
100025,2023-06-08,-0.8880795672818964
100025,2023-06-09,-0.8277541184367029
100025,2023-06-12,-0.7581998069253831
100025,2023-06-13,-0.6958218538054294
100025,2023-06-14,-0.7440974949537207
100025,2023-06-15,-1.0418455569656284
100025,2023-06-16,-1.2226543725071874
100025,2023-06-19,-1.5246295512166
100025,2023-06-20,-1.3646135336797507
100025,2023-06-21,-1.6472762278194255
100025,2023-06-22,-1.7025034305182725
100025,2023-06-23,-1.7335626713499273
100025,2023-06-26,-2.2179583513082464
100025,2023-06-27,-2.3123853105340486
100025,2023-06-28,-2.527581629993454
100025,2023-06-29,-2.535509222317194
100025,2023-06-30,-2.5260147372500756
100025,2023-07-03,-2.314147585140894
100025,2023-07-04,-2.329855317291343
100025,2023-07-05,-2.397427407919256
100025,2023-07-06,-2.2128728992112707
100025,2023-07-07,-1.7692508787044945
100025,2023-07-10,-2.0442998199966573
100025,2023-07-11,-2.34129547096138
100025,2023-07-12,-2.3495551926871183
100025,2023-07-13,-2.7481825605106485
100025,2023-07-14,-2.5922158435334963
100025,2023-07-17,-2.8044221042084594
100025,2023-07-18,-2.640680145348258
100025,2023-07-19,-3.129796629440982
100025,2023-07-20,-3.0540490214212297
100025,2023-07-21,-3.274052751140034
100025,2023-07-24,-3.2733075223242905
100025,2023-07-25,-3.459558919146575
100025,2023-07-26,-3.658016303615849
100025,2023-07-27,-3.594059001204821
100025,2023-07-28,-3.63919789499967
100025,2023-07-31,-3.6070021090009945
100025,2023-08-01,-3.5166003186556636
100025,2023-08-02,-3.431129965060865
100025,2023-08-03,-2.965398017500572
100025,2023-08-04,-2.4464406103543226
100025,2023-08-07,-2.197868529553879
100025,2023-08-08,-2.7856187204645804
100025,2023-08-09,-2.528409544183096
100025,2023-08-10,-2.312887585520908
100025,2023-08-11,-2.090560359375841
100025,2023-08-14,-1.7619768545670236
100025,2023-08-15,-1.517476882981547
100025,2023-08-16,-1.352748853205258
100025,2023-08-17,-1.260284416932458
100025,2023-08-18,-0.7213780535942078
100025,2023-08-21,-0.5649358304524182
100025,2023-08-22,-0.5558477527760387
100025,2023-08-23,-0.5629376151212571
100025,2023-08-24,-0.6887125303697884
100025,2023-08-25,-0.602874394928945
100025,2023-08-28,-0.7088461049284585
100025,2023-08-29,-1.0736755027409257
100025,2023-08-30,-1.346020150359774
100025,2023-08-31,-1.2091061310600952
100025,2023-09-01,-1.067340782174448
100025,2023-09-04,-0.7753923714995392
100025,2023-09-05,-0.825030953656893
100025,2023-09-06,-1.1767304587698364
100025,2023-09-07,-1.5015449795025626
100025,2023-09-08,-1.279797974515087
100025,2023-09-11,-1.235530756305124
100025,2023-09-12,-1.4052630286134766
100025,2023-09-13,-1.3336701958004689
100025,2023-09-14,-1.4692740323812092
100025,2023-09-15,-1.4262576779114826
100025,2023-09-18,-1.3632767760053157
100025,2023-09-19,-1.6353978280218116
100025,2023-09-20,-1.5769185039277598
100025,2023-09-21,-1.5427948978576753
100025,2023-09-22,-1.2668306115604206
100025,2023-09-25,-1.536452641905766
100025,2023-09-26,-1.813215124820352
100025,2023-09-27,-1.5598749419172733
100025,2023-09-28,-1.274866380141511
100025,2023-09-29,-1.0858136386768573
100025,2023-10-02,-0.9600073809984184
100025,2023-10-03,-1.0563309845658522
100025,2023-10-04,-1.1793098216914117
100025,2023-10-05,-1.5312566992062349
100025,2023-10-06,-1.4804640559995292
100025,2023-10-09,-1.5602948066609736
100025,2023-10-10,-1.2306418772126784
100025,2023-10-11,-1.2511260847867622
100025,2023-10-12,-1.2276079409257394
100025,2023-10-13,-1.407217533354343
100025,2023-10-16,-1.3495990429590192
100025,2023-10-17,-1.2645610494723791
100025,2023-10-18,-1.0023689665426037
100025,2023-10-19,-0.6466144479279476
100025,2023-10-20,-0.17490060651846867
100025,2023-10-23,-0.08013732860093621
100025,2023-10-24,-0.14674876439387244
100025,2023-10-25,-0.31884701234701845
100025,2023-10-26,-0.16901564015530912
100025,2023-10-27,-0.19033693243400981
100025,2023-10-30,0.3101033242057626
100025,2023-10-31,-0.017029563223877473
100025,2023-11-01,0.20868131912978516
100025,2023-11-02,0.18388325078886944
100025,2023-11-03,0.3385346356145625
100025,2023-11-06,0.41870859083809486
100025,2023-11-07,0.44356318914623977
100025,2023-11-08,0.49143401792104174
100025,2023-11-09,0.5168105767489233
100025,2023-11-10,0.5115563339576661
100025,2023-11-13,0.48221566179779707
100025,2023-11-14,0.3912234444351995
100025,2023-11-15,0.43783395049007934
100025,2023-11-16,0.6889793578365258
100025,2023-11-17,0.6090985154887953
100025,2023-11-20,0.31657258504553804
100025,2023-11-21,-0.08110971197335054
100025,2023-11-22,0.17630435729470567
100025,2023-11-23,0.4936612721450577
100025,2023-11-24,0.531414765010001
100025,2023-11-27,0.49369665909165084
100025,2023-11-28,0.7484346598661518
100025,2023-11-29,0.998668984179938
100025,2023-11-30,0.8736967751580994
100025,2023-12-01,0.9254146013924278
100025,2023-12-04,0.5983608773433859
100025,2023-12-05,0.6444345355984845
100025,2023-12-06,0.6658368675708152
100025,2023-12-07,0.3087262971687372
100025,2023-12-08,-0.13018860790075978
100025,2023-12-11,-0.44850154279709553
100025,2023-12-12,0.18372949570046232
100025,2023-12-13,-0.392455690171595
100025,2023-12-14,-0.35150274533788267
100025,2023-12-15,-0.8826076422690817
100025,2023-12-18,-1.182476334836135
100025,2023-12-19,-1.8047815420083522
100025,2023-12-20,-2.006993937582553
100025,2023-12-21,-2.403140270727623
100025,2023-12-22,-2.9587473503307105
100025,2023-12-25,-2.619270772834784
100025,2023-12-26,-2.2763420332119355
100025,2023-12-27,-2.375478470975178
100025,2023-12-28,-2.6182568129814356
100025,2023-12-29,-2.492041144731677
100025,2024-01-01,-1.9179798157878574
100025,2024-01-02,-1.5288298886697962
100025,2024-01-03,-1.207837008197898
100025,2024-01-04,-1.255698631938704
100025,2024-01-05,-1.2979136305684909
100025,2024-01-08,-1.8997549405061713
100025,2024-01-09,-1.9991200566253697
100025,2024-01-10,-1.7448983921029302
100025,2024-01-11,-1.6738780115724878
100025,2024-01-12,-1.7612520283755042
100025,2024-01-15,-1.8826502866889174
100025,2024-01-16,-1.929528745070401
100025,2024-01-17,-2.044977238452341
100025,2024-01-18,-2.0917838595746696
100025,2024-01-19,-2.088694220772513
100025,2024-01-22,-1.7691114746487102
100025,2024-01-23,-1.5759384387936424
100025,2024-01-24,-1.6497210369638249
100025,2024-01-25,-1.3453231883338748
100025,2024-01-26,-1.4859630872952958
100025,2024-01-29,-1.345707877897308
100025,2024-01-30,-1.3548629041528897
100025,2024-01-31,-1.4269047905853707
100025,2024-02-01,-1.3172374271970435
100025,2024-02-02,-1.6086150746084849
100025,2024-02-05,-1.4058265837818555
100025,2024-02-06,-1.5875997267490454
100025,2024-02-07,-1.729929027707503
100025,2024-02-08,-1.7371170074020241
100025,2024-02-09,-1.9340748773957757
100025,2024-02-12,-1.9754088033843251
100025,2024-02-13,-2.139583880419526
100025,2024-02-14,-2.4072858451973858
100025,2024-02-15,-2.3292630668184335
100025,2024-02-16,-2.250767638414418
100025,2024-02-19,-2.4927544411730627
100025,2024-02-20,-2.6784419949714335
100025,2024-02-21,-2.648292008516668
100025,2024-02-22,-2.757638674600996
100025,2024-02-23,-3.3453676549429385
100025,2024-02-26,-3.1664978133616932
100025,2024-02-27,-3.072375521569514
100025,2024-02-28,-3.0523657251345857
100025,2024-02-29,-3.008507018160293
100025,2024-03-01,-2.952963391896103
100025,2024-03-04,-2.8971129338781405
100025,2024-03-05,-2.8250892082603465
100025,2024-03-06,-3.000679712945354
100025,2024-03-07,-3.0869503752338785
100025,2024-03-08,-3.024725259965174
100025,2024-03-11,-2.968293973308253
100025,2024-03-12,-3.2877326384434418
100025,2024-03-13,-2.736340212524109
100025,2024-03-14,-2.7383330639728105
100025,2024-03-15,-3.151505313453047
100025,2024-03-18,-3.3094777116231877
100025,2024-03-19,-3.324243990691542
100025,2024-03-20,-3.289917016754149
100025,2024-03-21,-3.3780569380321617
100025,2024-03-22,-3.3015875990393013
100025,2024-03-25,-3.14792651367573
100025,2024-03-26,-2.4562073507228
100025,2024-03-27,-2.5147304012278284
100025,2024-03-28,-2.6248405903838186
100025,2024-03-29,-2.493287039203636
100025,2024-04-01,-2.653855078686899
100025,2024-04-02,-2.801844274891826
100025,2024-04-03,-3.205279767751645
100025,2024-04-04,-3.5240155725104128
100025,2024-04-05,-3.2501395524590366
100025,2024-04-08,-3.2910936596085283
100025,2024-04-09,-3.642412962725937
100025,2024-04-10,-3.443289099407171
100025,2024-04-11,-3.4356635286298225
100025,2024-04-12,-3.071076298949468
100025,2024-04-15,-2.6487012875247333
100025,2024-04-16,-2.8384608748607127
100025,2024-04-17,-2.4316221146160477
100025,2024-04-18,-2.795491751408383
100025,2024-04-19,-2.162181448633517
100025,2024-04-22,-2.2612153637291543
100025,2024-04-23,-1.812480532351871
100025,2024-04-24,-1.6393103911216904
100025,2024-04-25,-1.5162755818940687
100025,2024-04-26,-1.6302491753897403
100025,2024-04-29,-1.969624705753563
100025,2024-04-30,-2.355075611869406
100025,2024-05-01,-2.1684453067371487
100025,2024-05-02,-1.9709124916613705
100025,2024-05-03,-2.0634684989919148
100025,2024-05-06,-2.766064123130621
100025,2024-05-07,-3.0300168018231903
100025,2024-05-08,-3.2994750140771827
100025,2024-05-09,-3.36566550277271
100025,2024-05-10,-3.624252409062382
100025,2024-05-13,-3.3590187349339797
100025,2024-05-14,-3.3662498844527398
100025,2024-05-15,-3.7631983652669465
100025,2024-05-16,-3.4076695309328264
100025,2024-05-17,-3.1498923298231625
100025,2024-05-20,-2.919690717564895
100025,2024-05-21,-2.821297158598741
100025,2024-05-22,-2.323052080886901
100025,2024-05-23,-2.272684721952801
100025,2024-05-24,-2.618704135426761
100025,2024-05-27,-2.797986647593927
100025,2024-05-28,-2.4940894779203115
100025,2024-05-29,-2.4507358241233055
100025,2024-05-30,-2.5029975280361603
100025,2024-05-31,-2.5585563836856218
100025,2024-06-03,-2.9288622612522293
100025,2024-06-04,-2.9642536137477857
100025,2024-06-05,-3.0325573772331356
100025,2024-06-06,-3.0300170231233583
100025,2024-06-07,-2.774340281475638
100025,2024-06-10,-2.788759831204136
100025,2024-06-11,-2.1910339199722024
100025,2024-06-12,-2.1029669521139276
100025,2024-06-13,-1.8649317568858037
100025,2024-06-14,-1.644975307661933
100025,2024-06-17,-1.502189562910268
100025,2024-06-18,-1.2617373782607955
100025,2024-06-19,-1.1086776823009943
100025,2024-06-20,-1.287007794518239
100025,2024-06-21,-1.4969345856748408
100025,2024-06-24,-1.1640090157314746
100025,2024-06-25,-0.9546458498130096
100025,2024-06-26,-0.7933018962167996
100025,2024-06-27,-0.5494874069185706
100025,2024-06-28,-0.4759615191311689
100025,2024-07-01,-0.6709289760943753
100025,2024-07-02,-0.6545332643845043
100025,2024-07-03,-0.19658533563205158
100025,2024-07-04,-0.15912940586705243
100025,2024-07-05,0.18016313739012213
100025,2024-07-08,0.14543881005358011
100025,2024-07-09,0.06785802800721032
100025,2024-07-10,0.030140710859422295
100025,2024-07-11,0.20466282904127697
100025,2024-07-12,0.24199751354497087
100025,2024-07-15,-0.014589341151615172
100025,2024-07-16,0.213109284258905
100025,2024-07-17,-0.12836134577436015
100025,2024-07-18,-0.22501153666353463
100025,2024-07-19,-0.05393619732008941
100025,2024-07-22,0.16448431521966456
100025,2024-07-23,0.2778491351692574
100025,2024-07-24,0.23108930005252593
100025,2024-07-25,0.17651680653248714
100025,2024-07-26,0.45722059929578107
100025,2024-07-29,0.6358252428263574
100025,2024-07-30,-0.010336206523114233
100025,2024-07-31,0.35136171537759925
100025,2024-08-01,0.5029675236292761
100025,2024-08-02,0.48015814397545536
100025,2024-08-05,0.9711101555188209
100025,2024-08-06,0.8859113420558133
100025,2024-08-07,0.6889242016045055
100025,2024-08-08,1.2615414153326627
100025,2024-08-09,1.1848681740611429
100025,2024-08-12,1.2909825539346875
100025,2024-08-13,1.6137867247421034
100025,2024-08-14,1.1376902488506444
100025,2024-08-15,1.3863710506424898
100025,2024-08-16,1.0447460762239824
100025,2024-08-19,0.6298896300734268
100025,2024-08-20,0.7328810644926211
100025,2024-08-21,0.6657787415759647
100025,2024-08-22,0.8448741723498564
100025,2024-08-23,0.2812968538551991
100025,2024-08-26,0.31860561642830365
100025,2024-08-27,-0.10857856957331191
100025,2024-08-28,-0.3216185212419197
100025,2024-08-29,-0.1690838379696002
100025,2024-08-30,-0.038165922658211414
100025,2024-09-02,0.16094612074583287
100025,2024-09-03,0.8864610266497761
100025,2024-09-04,0.7217911431682061
100025,2024-09-05,0.6151368789760949
100025,2024-09-06,0.991368745949014
100025,2024-09-09,1.9438402791301341
100025,2024-09-10,1.8435761072738992
100025,2024-09-11,2.082379204198758
100025,2024-09-12,2.0239213704933663
100025,2024-09-13,2.125231014704187
100025,2024-09-16,1.9997516940323237
100025,2024-09-17,1.6957873372954757
100025,2024-09-18,1.7743282969722431
100025,2024-09-19,1.5345864284080788
100025,2024-09-20,1.5986449184152765
100025,2024-09-23,1.2724777109575074
100025,2024-09-24,1.1816784966417497
100025,2024-09-25,0.4645074616696276
100025,2024-09-26,0.5634795748171677
100025,2024-09-27,1.0008931501339629
100025,2024-09-30,0.8873653249556803
100025,2024-10-01,0.6834466653488847
100025,2024-10-02,0.8892319465182603
100025,2024-10-03,0.9588998811516366
100025,2024-10-04,0.9638677031543696
100025,2024-10-07,1.3326380026980462
100025,2024-10-08,0.9255237155783097
100025,2024-10-09,0.7785802069544518
100025,2024-10-10,0.6882043891794484
100025,2024-10-11,0.3730132194444207
100025,2024-10-14,0.3729633427286753
100025,2024-10-15,-0.06866823773530988
100025,2024-10-16,-0.2439911464090835
100025,2024-10-17,-0.6009141814481697
100025,2024-10-18,-0.4436845465422574
100025,2024-10-21,-0.24851252027746387
100025,2024-10-22,-0.06087362488208772
100025,2024-10-23,0.1571374268190238
100025,2024-10-24,0.155743527181019
100025,2024-10-25,0.6624984493381227
100025,2024-10-28,0.6095595735373326
100025,2024-10-29,0.589593238215386
100025,2024-10-30,0.3576595122860163
100025,2024-10-31,-0.3474906479358129
100025,2024-11-01,0.00151466951071173
100025,2024-11-04,0.30620435181667344
100025,2024-11-05,0.2874148980725903
100025,2024-11-06,0.07341139074075886
100025,2024-11-07,-0.035822812178713005
100025,2024-11-08,-0.34882086046870514
100025,2024-11-11,-0.1941662705754769
100025,2024-11-12,-0.3467162450613375
100025,2024-11-13,-0.17772093866183603
100025,2024-11-14,-0.06364214731371813
100025,2024-11-15,-0.08576989086060191
100025,2024-11-18,-0.055602403358958455
100025,2024-11-19,-0.21229471314928292
100025,2024-11-20,-0.3625873444526538
100025,2024-11-21,-0.1787746806547496
100025,2024-11-22,-0.22751099816418388
100025,2024-11-25,-0.5720160960433767
100025,2024-11-26,-0.44638160496346313
100025,2024-11-27,-0.41058953781606256
100025,2024-11-28,-0.20859440889512654
100025,2024-11-29,-0.6884998264445742
100025,2024-12-02,-0.941639154474507
100025,2024-12-03,-0.4777177301147795
100025,2024-12-04,-0.6132383083536542
100025,2024-12-05,-0.8569195623215737
100025,2024-12-06,-0.9014341135045764
100025,2024-12-09,-1.1232834733256867
100025,2024-12-10,-1.0800784713644223
100025,2024-12-11,-0.8394582663403751
100025,2024-12-12,-0.6967177494856267
100025,2024-12-13,-0.557274229207631
100025,2024-12-16,-0.36807381911328896
100025,2024-12-17,-0.46589241236233125
100025,2024-12-18,-0.032370777548231845
100025,2024-12-19,-0.16169123322728193
100025,2024-12-20,0.20755435954911272
100025,2024-12-23,0.5666159082196636
100025,2024-12-24,0.39189499011332923
100025,2024-12-25,0.10428138904114714
100025,2024-12-26,-0.05834876998295745
100025,2024-12-27,0.2634119881125545
100025,2024-12-30,0.06290398266411613
100025,2024-12-31,0.3466948334248994
100025,2025-01-01,0.45571073101921633
100025,2025-01-02,0.4713398450726458
100025,2025-01-03,0.5056884232745864
100025,2025-01-06,0.0969871674623909
100025,2025-01-07,-0.3506198444438729
100025,2025-01-08,-0.45774892591905025
100025,2025-01-09,-0.5217869900501488
100025,2025-01-10,-0.9869482049286651
100025,2025-01-13,-1.494623588098244
100025,2025-01-14,-0.8933722895641275
100025,2025-01-15,-1.2101903516726304
100025,2025-01-16,-0.9423004664146283
100025,2025-01-17,-0.8703023639916466
100025,2025-01-20,-0.5622088732204827
100025,2025-01-21,-0.5358417501957365
100025,2025-01-22,-0.3467665400899889
100025,2025-01-23,-0.474443703262847
100025,2025-01-24,-0.456249148036584
100025,2025-01-27,-0.25350087763417173
100025,2025-01-28,-0.21419339595945616
100025,2025-01-29,-0.11009065460071822
100025,2025-01-30,-0.743967283194605
100025,2025-01-31,-1.1731792170136772
100025,2025-02-03,-0.900513823909305
100025,2025-02-04,-0.9194559452979971
100025,2025-02-05,-1.0345668699649726
100025,2025-02-06,-1.1985437954043836
100025,2025-02-07,-0.9206050835855772
100025,2025-02-10,-0.5488319369647646
100025,2025-02-11,-0.4372187018000382
100025,2025-02-12,-0.5784823137394686
100025,2025-02-13,-0.16302123189035844
100025,2025-02-14,0.33588211736803264
100025,2025-02-17,0.3349030452101655
100025,2025-02-18,0.21248022509389106
100025,2025-02-19,0.5522250169877446
100025,2025-02-20,0.736793615797394
100025,2025-02-21,0.4583827301263466
100025,2025-02-24,0.45945317550756815
100025,2025-02-25,0.22294939452528975
100025,2025-02-26,-0.07630694660491374
100025,2025-02-27,-0.058247983093408756
100025,2025-02-28,-0.1744792919698469
100025,2025-03-03,-0.07946460596932405
100025,2025-03-04,-0.07222766471217809
100025,2025-03-05,0.0971255429812499
100025,2025-03-06,0.5698385568798373
100025,2025-03-07,0.3149669181718504
100025,2025-03-10,-0.3715580310621777
100025,2025-03-11,-0.5064177691846252
100025,2025-03-12,-0.36218528439244907
100025,2025-03-13,-0.45745158032143385
100025,2025-03-14,-0.4351959322202425
100025,2025-03-17,-0.7191525021224353
100025,2025-03-18,-0.3224590933587618
100025,2025-03-19,-0.2595269763500466
100025,2025-03-20,-0.2135101801698701
100025,2025-03-21,-0.4683283213285713
100025,2025-03-24,-0.5588353868407766
100025,2025-03-25,-0.44060632443261805
100025,2025-03-26,-0.3253405611280914
100025,2025-03-27,-0.4704777007260682
100025,2025-03-28,-0.6471077999299969
100025,2025-03-31,-0.1837236841110155
100025,2025-04-01,-0.5953221249799039
100025,2025-04-02,-0.1956051901377476
100025,2025-04-03,-0.08214571998977462
100025,2025-04-04,0.13646726764243883
100025,2025-04-07,0.43385139739834677
100025,2025-04-08,0.02489117934037513
100025,2025-04-09,-0.091979715824142
100025,2025-04-10,-0.048170360985958144
100025,2025-04-11,0.19915552032432346
100025,2025-04-14,0.11006174255225738
100025,2025-04-15,0.11177090576716685
100025,2025-04-16,0.025823225311697208
100025,2025-04-17,-0.07539251296790953
100025,2025-04-18,0.042804413079759615
100025,2025-04-21,0.13867046568582675
100025,2025-04-22,0.11623212976090072
100025,2025-04-23,0.11915081816489467
100025,2025-04-24,0.16237584730238871
100025,2025-04-25,0.071258574826688
100025,2025-04-28,0.10638763800395315
100025,2025-04-29,0.45616072408425457
100025,2025-04-30,0.6174273796350565
100025,2025-05-01,0.8410815039730942
100025,2025-05-02,0.6173342110618751
100025,2025-05-05,0.7322234086542121
100025,2025-05-06,0.6206917242453074
100025,2025-05-07,0.5471592524665008
100025,2025-05-08,0.07241852595230149
100025,2025-05-09,0.18520762800111895
100025,2025-05-12,-0.0487803429747782
100025,2025-05-13,0.5304208242571844
100025,2025-05-14,0.9490394367118495
100025,2025-05-15,0.9933906549993633
100025,2025-05-16,1.0237730080031469
100025,2025-05-19,1.2618626309062326
100025,2025-05-20,0.9431562445503671
100025,2025-05-21,1.1942641131823781
100025,2025-05-22,0.9626682080363363
100025,2025-05-23,0.7600900945539435
100025,2025-05-26,0.6457581554798548
100025,2025-05-27,0.5418151992459356
100025,2025-05-28,0.4928973160231235
100025,2025-05-29,0.732166561655562
100025,2025-05-30,0.6062664464728879
100025,2025-06-02,0.5828664704741439
100025,2025-06-03,0.8326087891952082
100025,2025-06-04,0.9813905123435122
100025,2025-06-05,1.4711739773971608
100025,2025-06-06,1.8662058898784621
100025,2025-06-09,1.6724784553741565
100025,2025-06-10,1.7800952680473612
100025,2025-06-11,1.7926639149548196
100025,2025-06-12,1.882620434699681
100025,2025-06-13,1.5543340725040957
100025,2025-06-16,1.5478540740593962
100025,2025-06-17,1.7076945422299634
100025,2025-06-18,1.9292137767588198
100025,2025-06-19,1.6773562455400364
100025,2025-06-20,1.243773987487625
100025,2025-06-23,1.3223137787466268
100025,2025-06-24,1.0141764735843162
100025,2025-06-25,0.8457416484337565
100025,2025-06-26,0.7811435132116213
100025,2025-06-27,0.605897317147636
100025,2025-06-30,0.3469799183975446
100025,2025-07-01,0.18350677757296932
100025,2025-07-02,0.39063015039510773
100025,2025-07-03,0.20032542589248892
100025,2025-07-04,0.1386585901710679
100025,2025-07-07,0.2900957800552892
100025,2025-07-08,0.29331564482716
100025,2025-07-09,0.27158073978976205
100025,2025-07-10,0.5279661813783771
100025,2025-07-11,0.7096751865990464
100025,2025-07-14,1.7119033982057439
100025,2025-07-15,1.7022391965229908
100025,2025-07-16,1.4272101952442355
100025,2025-07-17,1.6406082421669572
100025,2025-07-18,1.85617499516235
100025,2025-07-21,2.2019366817459916
100025,2025-07-22,2.332598483474597
100025,2025-07-23,2.237042059090642
100025,2025-07-24,2.1691615993488527
100025,2025-07-25,2.336392870419848
100025,2025-07-28,2.6983520607874905
100025,2025-07-29,2.6873475383060708
100025,2025-07-30,2.6819576769770133
100025,2025-07-31,2.7361211054376042
100025,2025-08-01,2.675921711240045
100025,2025-08-04,2.386576542076014
100025,2025-08-05,2.697071155468919
100025,2025-08-06,2.1223099833287105
100025,2025-08-07,1.8797577716881986
100025,2025-08-08,2.2028772246061328
100025,2025-08-11,2.1750232199584034
100025,2025-08-12,2.6350385408457435
100025,2025-08-13,2.9659120161543417
100025,2025-08-14,3.271935879856656
100025,2025-08-15,2.6716635263515665
100025,2025-08-18,2.4365229242211814
100025,2025-08-19,2.2066860712255756
100025,2025-08-20,2.2296484723366903
100025,2025-08-21,2.0910616037837824
100025,2025-08-22,1.7396415865161805
100025,2025-08-25,1.609436030884965
100025,2025-08-26,1.6305361654544746
100025,2025-08-27,1.379374808311169
100025,2025-08-28,0.8683713854006364
100025,2025-08-29,0.6063934021945364
100025,2025-09-01,0.32143128257260717
100025,2025-09-02,0.08776785463380822
100025,2025-09-03,-0.08579035385226405
100025,2025-09-04,-0.28231460266705194
100025,2025-09-05,-0.4090672672195261
100025,2025-09-08,-0.2732677372733186
100025,2025-09-09,-0.4096339147416898
100025,2025-09-10,-0.540663974854894
100025,2025-09-11,-0.4829778914160909
100025,2025-09-12,-0.660755723982156
100025,2025-09-15,-0.34598597078561205
100025,2025-09-16,-0.7006900016731126
100025,2025-09-17,-0.9191989677599066
100025,2025-09-18,-0.8832595736826307
100025,2025-09-19,-1.0329004871832792
100025,2025-09-22,-1.0177156513773902
100025,2025-09-23,-0.7738607795883221
100025,2025-09-24,-0.7833598162641614
100025,2025-09-25,-0.4451375255463771
100025,2025-09-26,-0.3413701259893464
100025,2025-09-29,-0.20450191080312255
100025,2025-09-30,0.06270077838953862
100025,2025-10-01,0.18092978219505046
100025,2025-10-02,0.002303782510574668
100025,2025-10-03,-0.10599231892730056
100025,2025-10-06,-0.0014857028242984836
100025,2025-10-07,-0.14999296720890953
100025,2025-10-08,0.010143341870497228
100025,2025-10-09,0.17187472203294926
100025,2025-10-10,-0.33022711135441146
100025,2025-10-13,-0.49258113182396956
100025,2025-10-14,-0.4898246016390305
100025,2025-10-15,-0.6032083294904863
100025,2025-10-16,-0.1976188707951221
100025,2025-10-17,-0.06409831692373155
100025,2025-10-20,-0.30175576490778583
100025,2025-10-21,-0.3729988381112279
100025,2025-10-22,-0.30815343540180923
100025,2025-10-23,-0.42256279370126165
100025,2025-10-24,-0.34979460204202284
100025,2025-10-27,-0.5389224506155558
100025,2025-10-28,-0.11512517058383903
100025,2025-10-29,0.12812649557706
100025,2025-10-30,0.4568972839220976
100025,2025-10-31,0.6959829975526648
100025,2025-11-03,0.5497129618185863
100025,2025-11-04,0.7485383572371392
100025,2025-11-05,1.021622785748928
100025,2025-11-06,1.5065549659528346
100025,2025-11-07,1.5772081315745878
100025,2025-11-10,1.5857390579858655
100025,2025-11-11,1.5461006887205035
100025,2025-11-12,1.516108879510647
100025,2025-11-13,1.2065629984569992
100025,2025-11-14,1.0472147489958323
100025,2025-11-17,0.9598170551416193
100025,2025-11-18,0.9430922739751961
100025,2025-11-19,0.9160883737350878
100025,2025-11-20,0.7956631483141605
100025,2025-11-21,0.628582078236008
100025,2025-11-24,0.6063410064942245
100025,2025-11-25,0.18637798420860444
100025,2025-11-26,0.492679777235992
100025,2025-11-27,0.1808174966990306
100025,2025-11-28,0.5797698072974556
100025,2025-12-01,0.0618774460149754
100025,2025-12-02,-0.20083777648629123
100025,2025-12-03,-0.10267751082343425
100025,2025-12-04,-0.08623761730641237
100025,2025-12-05,-0.1687892790492914
100025,2025-12-08,-0.33442607828061627
100025,2025-12-09,-0.24378495196597977
100025,2025-12-10,0.17124522372419582
100025,2025-12-11,0.4153876288392039
100025,2025-12-12,0.07956336300143567
100025,2025-12-15,0.03254218031775951
100025,2025-12-16,-0.14229267688771544
100025,2025-12-17,-0.6186269612308064
100025,2025-12-18,-1.2276796350938814
100025,2025-12-19,-0.955354176717658
100025,2025-12-22,-0.760913750785121
100025,2025-12-23,-0.4460917334381182
100025,2025-12-24,-0.21261397616245836
100025,2025-12-25,-0.041134262133114746
100025,2025-12-26,-0.009793730153049364
100025,2025-12-29,-0.30804355880903284
100025,2025-12-30,-0.2373482727663398
100025,2025-12-31,-0.004620412946829995
100025,2026-01-01,-0.043804623230907856
100025,2026-01-02,-0.014450373792954248
100025,2026-01-05,-0.040739516452239936
100025,2026-01-06,0.027143316870354938
100025,2026-01-07,0.08768379977886945
100025,2026-01-08,0.17249994391696755
100025,2026-01-09,0.34684084939783244
100025,2026-01-12,0.3406095767408487
100025,2026-01-13,0.4092452875765832
100025,2026-01-14,0.4498223819532363
100025,2026-01-15,0.4946171271730335
100025,2026-01-16,0.5959065003295615
100025,2026-01-19,0.8716161969803219
100025,2026-01-20,0.5524982053816153
100025,2026-01-21,0.7553274786189098
100025,2026-01-22,0.7088000148535204
100025,2026-01-23,1.1360965112277046
100025,2026-01-26,0.9432626257920875
100025,2026-01-27,0.42908617472642113
100025,2026-01-28,0.47593186144086846
100025,2026-01-29,0.23302460640680644
100025,2026-01-30,0.1545180468739104
100025,2026-02-02,-0.13287843785861028
100025,2026-02-03,-0.1640393091138114
100025,2026-02-04,-0.38438853379960414
100025,2026-02-05,-0.2934731095233506
100025,2026-02-06,-0.05167626978640232
100025,2026-02-09,-0.08243140375097435
100025,2026-02-10,-0.03251894809128787
100025,2026-02-11,-0.1695446750237432
100025,2026-02-12,-0.44060412735978777
100025,2026-02-13,-0.3916755492611031
100025,2026-02-16,-0.2799334901968944
100025,2026-02-17,-0.8881933463254993
100025,2026-02-18,-0.8651604675572099
100025,2026-02-19,-1.5933797989309342
100025,2026-02-20,-1.5834452172141136
100025,2026-02-23,-1.6197178804737073
100025,2026-02-24,-1.4551000461608266
100025,2026-02-25,-1.731137143519011
100025,2026-02-26,-1.7475576792325664
100025,2026-02-27,-2.04942458239015
100025,2026-03-02,-2.1730485236748103
100025,2026-03-03,-2.157661887598407
100025,2026-03-04,-2.1725554084670753
100025,2026-03-05,-2.3873997232773805
100025,2026-03-06,-2.4324270527777503
100025,2026-03-09,-2.208114227273626
100025,2026-03-10,-2.443190189749777
100025,2026-03-11,-2.8861304223924478
100025,2026-03-12,-3.1070246957480743
100025,2026-03-13,-3.5018877842068536
100025,2026-03-16,-3.711580245832677
100025,2026-03-17,-3.798670220517863
100025,2026-03-18,-3.7504917597246057
100025,2026-03-19,-3.405649902166833
100025,2026-03-20,-3.736887815331408
100025,2026-03-23,-4.164354770408504
100025,2026-03-24,-4.208704792130754
100025,2026-03-25,-4.332431296801354
100025,2026-03-26,-4.533778058960613
100025,2026-03-27,-3.8482765601944897
100025,2026-03-30,-3.8566753545713106
100025,2026-03-31,-3.337234677244137
100025,2026-04-01,-3.548375539721537
100025,2026-04-02,-3.4677622212891386
100025,2026-04-03,-3.811671529229879
100025,2026-04-06,-3.556563652885303
100025,2026-04-07,-3.1906087419130453
100025,2026-04-08,-3.342089855683634
100025,2026-04-09,-3.5369703887690767
100025,2026-04-10,-2.562100956891553
100025,2026-04-13,-2.3276802362244924
100025,2026-04-14,-2.382478534811031
100025,2026-04-15,-2.548961599472857
100025,2026-04-16,-2.7017064352901747
100025,2026-04-17,-2.689837703521502
100025,2026-04-20,-2.524372289641829
100025,2026-04-21,-2.5415659783173234
100025,2026-04-22,-2.503613254961021
100025,2026-04-23,-2.304948892532359
100025,2026-04-24,-2.3495776502935426
100025,2026-04-27,-2.0436958946346784
100025,2026-04-28,-1.9803729956143676
100025,2026-04-29,-2.1007780421902553
100025,2026-04-30,-2.4171036281517684
100025,2026-05-01,-2.5646248043826647
100025,2026-05-04,-2.34393777983128
100025,2026-05-05,-2.3580390139683196
100025,2026-05-06,-2.519234417118842
100025,2026-05-07,-2.249881193179179
100025,2026-05-08,-2.210416182674494
100025,2026-05-11,-2.095204948990592
100025,2026-05-12,-2.4717534970500075
100025,2026-05-13,-2.516795478050052
100025,2026-05-14,-2.6159643142265008
100025,2026-05-15,-2.346698694555213
100025,2026-05-18,-2.4533051353359907
100025,2026-05-19,-2.3025237115150534
100025,2026-05-20,-2.1556540746075235
100025,2026-05-21,-1.7381376629551946
100025,2026-05-22,-1.574406288288544
100025,2026-05-25,-1.684296225456671
100025,2026-05-26,-1.6372071195670905
100025,2026-05-27,-2.032891423019441
100025,2026-05-28,-2.020363953434928
100025,2026-05-29,-2.3925116422604686
100033,2022-03-07,-0.23308448352099434
100033,2022-03-08,0.21479974125035536
100033,2022-03-09,0.6412271051890958
100033,2022-03-10,0.8002245635952241
100033,2022-03-11,0.8625652078728367
100033,2022-03-14,0.043561290692533
100033,2022-03-15,-0.16308834685238
100033,2022-03-16,-0.3023301181573924
100033,2022-03-17,-0.843799140477749
100033,2022-03-18,-1.15968360889822
100033,2022-03-21,-1.6643889815689106
100033,2022-03-22,-1.6505640859708899
100033,2022-03-23,-1.383449633255876
100033,2022-03-24,-1.0396806813883976
100033,2022-03-25,-0.9068295818079526
100033,2022-03-28,-1.1395134729341347
100033,2022-03-29,-1.5827824849878556
100033,2022-03-30,-1.9649114389779412
100033,2022-03-31,-2.2327315827050045
100033,2022-04-01,-2.4136474851448155
100033,2022-04-04,-2.425387052446638
100033,2022-04-05,-2.627036427917461
100033,2022-04-06,-2.513648018709712
100033,2022-04-07,-2.541528521769135
100033,2022-04-08,-2.5119904151787247
100033,2022-04-11,-2.1922942754677397
100033,2022-04-12,-2.416915504081661
100033,2022-04-13,-2.292934821258696
100033,2022-04-14,-2.272362365488199
100033,2022-04-15,-2.322165687201915
100033,2022-04-18,-2.0884977632555723
100033,2022-04-19,-1.8634129125728298
100033,2022-04-20,-2.034708382642798
100033,2022-04-21,-2.0526416031585155
100033,2022-04-22,-1.9712355801925725
100033,2022-04-25,-2.0079926979290423
100033,2022-04-26,-1.8609891781793488
100033,2022-04-27,-1.7831712036574976
100033,2022-04-28,-1.3555296503791143
100033,2022-04-29,-1.6172882208622854
100033,2022-05-02,-1.6246884072962835
100033,2022-05-03,-1.7747179065002636
100033,2022-05-04,-1.6376320971504337
100033,2022-05-05,-1.8972810006912462
100033,2022-05-06,-1.8137410946129644
100033,2022-05-09,-1.909453608539084
100033,2022-05-10,-1.8372710966057304
100033,2022-05-11,-2.0036419363855966
100033,2022-05-12,-1.999477019029859
100033,2022-05-13,-1.6900167387849934
100033,2022-05-16,-1.78252704638105
100033,2022-05-17,-1.677727739604598
100033,2022-05-18,-1.2991107198605767
100033,2022-05-19,-1.2844294647068877
100033,2022-05-20,-1.212602052859025
100033,2022-05-23,-1.1464133978047506
100033,2022-05-24,-1.268135192917146
100033,2022-05-25,-1.1047630366763803
100033,2022-05-26,-1.546266347510404
100033,2022-05-27,-1.2211130352187753
100033,2022-05-30,-1.3051416599405954
100033,2022-05-31,-1.4940528959642823
100033,2022-06-01,-1.8482793986186123
100033,2022-06-02,-1.7729684960075451
100033,2022-06-03,-1.8404422235176843
100033,2022-06-06,-2.050351107536219
100033,2022-06-07,-2.008972713811428
100033,2022-06-08,-1.7490739741435006
100033,2022-06-09,-1.6154894588138864
100033,2022-06-10,-1.5718392789320026
100033,2022-06-13,-0.994285232359057
100033,2022-06-14,-0.6674094943540982
100033,2022-06-15,-0.7406544793546301
100033,2022-06-16,-0.9262609297384581
100033,2022-06-17,-1.184115847623201
100033,2022-06-20,-1.1590987511645412
100033,2022-06-21,-1.1354194660256411
100033,2022-06-22,-1.0015340420195984
100033,2022-06-23,-1.268915027962811
100033,2022-06-24,-1.1124645107276443
100033,2022-06-27,-0.9521430018412952
100033,2022-06-28,-0.3442698571301388
100033,2022-06-29,-0.03463222475835453
100033,2022-06-30,0.019138400149313596
100033,2022-07-01,0.06417172038274258
100033,2022-07-04,-0.28317062342773364
100033,2022-07-05,-0.3736030130442841
100033,2022-07-06,-0.35714798514364543
100033,2022-07-07,-0.255629045994334
100033,2022-07-08,-0.2536822979321593
100033,2022-07-11,-0.9277893867552838
100033,2022-07-12,-1.0343181258325218
100033,2022-07-13,-1.1305256500009704
100033,2022-07-14,-1.086748277547703
100033,2022-07-15,-0.9493938757755698
100033,2022-07-18,-0.4631702780625149
100033,2022-07-19,-0.41782973115244454
100033,2022-07-20,-0.3479252876702162
100033,2022-07-21,-0.013268769917216103
100033,2022-07-22,0.208471918197122
100033,2022-07-25,0.7428395493944951
100033,2022-07-26,0.8635642609743236
100033,2022-07-27,1.070121200422271
100033,2022-07-28,1.2416415022550213
100033,2022-07-29,1.1847802552724913
100033,2022-08-01,0.6597227878423794
100033,2022-08-02,1.1799093254160644
100033,2022-08-03,1.394138629932107
100033,2022-08-04,1.4775505785998366
100033,2022-08-05,1.5635175303860636
100033,2022-08-08,1.514403200139884
100033,2022-08-09,1.7917219371194775
100033,2022-08-10,1.4588283452674349
100033,2022-08-11,1.3130397724596605
100033,2022-08-12,1.3670898572161119
100033,2022-08-15,1.286941844754924
100033,2022-08-16,1.5946534986798073
100033,2022-08-17,1.3916674455377636
100033,2022-08-18,1.2273636142129476
100033,2022-08-19,1.198172946393301
100033,2022-08-22,1.0953112205762021
100033,2022-08-23,1.1882800314379414
100033,2022-08-24,0.9960235934334409
100033,2022-08-25,0.9897716208855543
100033,2022-08-26,0.7260662400837877
100033,2022-08-29,0.5026381524824415
100033,2022-08-30,0.5618688365464704
100033,2022-08-31,0.6028966892041268
100033,2022-09-01,0.3883941500320118
100033,2022-09-02,0.7827496309933409
100033,2022-09-05,0.7249005435824847
100033,2022-09-06,0.8029427453011808
100033,2022-09-07,1.0400613835783301
100033,2022-09-08,1.2685351607902067
100033,2022-09-09,1.3285697264244511
100033,2022-09-12,1.432528440908578
100033,2022-09-13,1.241032254298711
100033,2022-09-14,1.138340396637116
100033,2022-09-15,1.120065210013976
100033,2022-09-16,1.115870574176839
100033,2022-09-19,1.2402472080081741
100033,2022-09-20,1.2828674031794356
100033,2022-09-21,0.8759558799015855
100033,2022-09-22,1.077874484191641
100033,2022-09-23,1.0128541416927073
100033,2022-09-26,0.9741196714533756
100033,2022-09-27,1.0577515545570981
100033,2022-09-28,1.109812667991425
100033,2022-09-29,1.556817370717249
100033,2022-09-30,1.3041637812534728
100033,2022-10-03,1.1473663213473713
100033,2022-10-04,1.122438159316631
100033,2022-10-05,1.2247220262822904
100033,2022-10-06,1.6137170993918417
100033,2022-10-07,1.8289380306848744
100033,2022-10-10,1.788043932883252
100033,2022-10-11,1.498458381752786
100033,2022-10-12,1.0935933834177112
100033,2022-10-13,0.9443024233533269
100033,2022-10-14,1.2299326620138913
100033,2022-10-17,1.0223438447041655
100033,2022-10-18,0.9333308544753972
100033,2022-10-19,0.8593719455776369
100033,2022-10-20,0.9264133685810753
100033,2022-10-21,0.9847631153445849
100033,2022-10-24,0.9886342708206479
100033,2022-10-25,1.0533231664086873
100033,2022-10-26,0.9846591972302775
100033,2022-10-27,1.0931312004255977
100033,2022-10-28,0.81567654455715
100033,2022-10-31,0.6208030646421783
100033,2022-11-01,0.508378849862713
100033,2022-11-02,0.11505132041515694
100033,2022-11-03,-0.11443053785980846
100033,2022-11-04,0.04511091462254031
100033,2022-11-07,0.31615419486952456
100033,2022-11-08,0.43457323400945347
100033,2022-11-09,0.35150174984301746
100033,2022-11-10,0.268949753921094
100033,2022-11-11,0.08585689029471445
100033,2022-11-14,0.3513048815674041
100033,2022-11-15,0.6376501776851327
100033,2022-11-16,0.6600012059163879
100033,2022-11-17,0.4243020444967823
100033,2022-11-18,0.4526518441310827
100033,2022-11-21,0.3130119171497165
100033,2022-11-22,0.5815299061567376
100033,2022-11-23,0.7126757183206807
100033,2022-11-24,0.2551769391011679
100033,2022-11-25,0.09385363783844942
100033,2022-11-28,0.08597450658147904
100033,2022-11-29,0.01425337005066558
100033,2022-11-30,-0.445761400240004
100033,2022-12-01,-0.8864436703442905
100033,2022-12-02,-1.1673388565939986
100033,2022-12-05,-0.659107596778349
100033,2022-12-06,-0.4948893820774456
100033,2022-12-07,-0.28575438889574123
100033,2022-12-08,0.1765908649630579
100033,2022-12-09,0.3701230442572202
100033,2022-12-12,0.5914283570933736
100033,2022-12-13,0.7881665394766976
100033,2022-12-14,1.0837497253848718
100033,2022-12-15,1.222073543928308
100033,2022-12-16,1.3219509834120582
100033,2022-12-19,1.4385348218177452
100033,2022-12-20,1.2714868326861521
100033,2022-12-21,1.281699748111349
100033,2022-12-22,1.453666430635033
100033,2022-12-23,1.6528746945303994
100033,2022-12-26,1.7335090421187955
100033,2022-12-27,1.2979183746647895
100033,2022-12-28,1.8957701276826673
100033,2022-12-29,1.8298177215376419
100033,2022-12-30,2.00336367276575
100033,2023-01-02,2.132519691703553
100033,2023-01-03,2.3424878372103515
100033,2023-01-04,2.298854755324275
100033,2023-01-05,2.0993692128599366
100033,2023-01-06,2.0915756878960767
100033,2023-01-09,2.2761503598013015
100033,2023-01-10,2.3142101898096166
100033,2023-01-11,2.1442729006572754
100033,2023-01-12,2.0515875062425177
100033,2023-01-13,1.8676123635070567
100033,2023-01-16,1.5423549646720751
100033,2023-01-17,1.6290149751320915
100033,2023-01-18,2.213240821827492
100033,2023-01-19,2.528613303891554
100033,2023-01-20,2.3887711540021406
100033,2023-01-23,2.501498247676681
100033,2023-01-24,2.346973149574803
100033,2023-01-25,2.4669777619403925
100033,2023-01-26,2.2531273799753118
100033,2023-01-27,2.3890945933138994
100033,2023-01-30,2.3235590034332945
100033,2023-01-31,2.4881744301078053
100033,2023-02-01,2.5377837909194296
100033,2023-02-02,2.4539701179825424
100033,2023-02-03,2.7154095397679185
100033,2023-02-06,3.003175490312374
100033,2023-02-07,2.8384546240537394
100033,2023-02-08,2.674440147786179
100033,2023-02-09,2.2834778116200125
100033,2023-02-10,2.1521329257886403
100033,2023-02-13,2.2328135680616015
100033,2023-02-14,2.4101769291053876
100033,2023-02-15,3.0920633240005198
100033,2023-02-16,3.0339432733832057
100033,2023-02-17,2.6556366105437643
100033,2023-02-20,2.5033505602880144
100033,2023-02-21,2.2781664971135824
100033,2023-02-22,2.291432542086133
100033,2023-02-23,2.4321255784327698
100033,2023-02-24,2.5762790836397103
100033,2023-02-27,2.4029150978275364
100033,2023-02-28,2.072095025178566
100033,2023-03-01,2.167297076440074
100033,2023-03-02,2.295995011697881
100033,2023-03-03,2.988866580640878
100033,2023-03-06,3.1612630385564486
100033,2023-03-07,3.027708625174419
100033,2023-03-08,3.060096954617617
100033,2023-03-09,3.092852928306312
100033,2023-03-10,2.8754327154281967
100033,2023-03-13,3.2386524287541354
100033,2023-03-14,3.1229005368656875
100033,2023-03-15,2.9772829539641528
100033,2023-03-16,2.9692358292638867
100033,2023-03-17,3.298044950114973
100033,2023-03-20,3.294022526606142
100033,2023-03-21,3.0636232175371836
100033,2023-03-22,3.0038873646616095
100033,2023-03-23,3.389397311759447
100033,2023-03-24,3.257993370333507
100033,2023-03-27,3.2457881064799765
100033,2023-03-28,2.8812444117838054
100033,2023-03-29,2.7966238197628894
100033,2023-03-30,2.9123345847803432
100033,2023-03-31,3.0631817384683497
100033,2023-04-03,2.880445960785882
100033,2023-04-04,2.604526457375412
100033,2023-04-05,2.622493761198711
100033,2023-04-06,2.859954477656781
100033,2023-04-07,3.271340309841931
100033,2023-04-10,3.304067005121141
100033,2023-04-11,3.0479170946855283
100033,2023-04-12,2.9325956194512797
100033,2023-04-13,2.813419003893389
100033,2023-04-14,2.689341307834855
100033,2023-04-17,2.239065222246688
100033,2023-04-18,2.1927543216547276
100033,2023-04-19,2.1915852122019075
100033,2023-04-20,2.1177815816691576
100033,2023-04-21,1.7150867619498273
100033,2023-04-24,1.546367970735967
100033,2023-04-25,1.611493194105172
100033,2023-04-26,1.9952652406413272
100033,2023-04-27,1.9098289836528768
100033,2023-04-28,1.620023317590191
100033,2023-05-01,1.6356609079864963
100033,2023-05-02,2.0551482826116523
100033,2023-05-03,1.7824630676381876
100033,2023-05-04,2.017154012827089
100033,2023-05-05,2.058569531357385
100033,2023-05-08,2.271430450709131
100033,2023-05-09,2.0622413226226852
100033,2023-05-10,2.1297278289467383
100033,2023-05-11,2.265667739785122
100033,2023-05-12,2.342708377431689
100033,2023-05-15,1.7170787980381823
100033,2023-05-16,2.0743161290844774
100033,2023-05-17,1.6109347999769226
100033,2023-05-18,1.6474062988064944
100033,2023-05-19,1.727700753699089
100033,2023-05-22,2.092729983711552
100033,2023-05-23,2.5199624501362745
100033,2023-05-24,2.02779326133951
100033,2023-05-25,1.8033724503445758
100033,2023-05-26,1.6824723799357995
100033,2023-05-29,1.4538775634632288
100033,2023-05-30,1.4716876305411581
100033,2023-05-31,1.5344025473594334
100033,2023-06-01,1.4198224042476262
100033,2023-06-02,1.3469847795330536
100033,2023-06-05,1.4393624177996742
100033,2023-06-06,1.4057135118223818
100033,2023-06-07,1.2652659701804554
100033,2023-06-08,0.9732749293082765
100033,2023-06-09,0.8996818014907075
100033,2023-06-12,0.8228233806948451
100033,2023-06-13,1.156340050024719
100033,2023-06-14,1.2455446110128519
100033,2023-06-15,0.8739148135393824
100033,2023-06-16,0.8070576204922099
100033,2023-06-19,0.6502235915370691
100033,2023-06-20,0.6388490723913909
100033,2023-06-21,0.05072766872268144
100033,2023-06-22,0.4431589402612267
100033,2023-06-23,0.7815832894999364
100033,2023-06-26,0.7464774309097519
100033,2023-06-27,0.851194554048329
100033,2023-06-28,0.827814173386806
100033,2023-06-29,0.7103768750533945
100033,2023-06-30,0.5629314360645112
100033,2023-07-03,0.7096713212006934
100033,2023-07-04,1.0898909752057846
100033,2023-07-05,0.9589762281953587
100033,2023-07-06,0.5444236026503438
100033,2023-07-07,0.15073601554424015
100033,2023-07-10,-0.21732613734431683
100033,2023-07-11,-0.06937727906943601
100033,2023-07-12,0.5475204226494174
100033,2023-07-13,0.5031030801873617
100033,2023-07-14,0.6855579465847784
100033,2023-07-17,0.21088307929118139
100033,2023-07-18,0.24884456880610853
100033,2023-07-19,0.33439224349538627
100033,2023-07-20,0.29752369739298945
100033,2023-07-21,-0.08573849604317556
100033,2023-07-24,-0.011547135220367242
100033,2023-07-25,0.0735771026553353
100033,2023-07-26,0.004342275874258669
100033,2023-07-27,-0.4840782694139731
100033,2023-07-28,-0.21307287025281835
100033,2023-07-31,-0.2817670870016146
100033,2023-08-01,-0.5039821388877987
100033,2023-08-02,-0.4642813186779475
100033,2023-08-03,-0.22655542878393498
100033,2023-08-04,-0.00014351248685255655
100033,2023-08-07,-0.03345129069101537
100033,2023-08-08,0.3432014418331473
100033,2023-08-09,0.7866557339960316
100033,2023-08-10,0.40015310055005643
100033,2023-08-11,0.24873484209713217
100033,2023-08-14,0.21508512193070176
100033,2023-08-15,0.4444777266444633
100033,2023-08-16,0.30385952676335387
100033,2023-08-17,-0.04023881551083663
100033,2023-08-18,0.026616621313719484
100033,2023-08-21,0.19202523839776206
100033,2023-08-22,-0.09299587885969592
100033,2023-08-23,-0.4555742486739943
100033,2023-08-24,0.08154831294274252
100033,2023-08-25,0.0643108027368378
100033,2023-08-28,-0.06818301807412784
100033,2023-08-29,-0.05256602370038723
100033,2023-08-30,0.011161051681863121
100033,2023-08-31,-0.16487184570560331
100033,2023-09-01,0.3436849555121062
100033,2023-09-04,0.31920773065881497
100033,2023-09-05,0.22891080900191
100033,2023-09-06,0.023558920086121333
100033,2023-09-07,0.004690834224271764
100033,2023-09-08,-0.1165643435300234
100033,2023-09-11,0.06789508111207405
100033,2023-09-12,-0.30950735083494324
100033,2023-09-13,-0.44146945941637
100033,2023-09-14,-0.5088565285081625
100033,2023-09-15,-0.9301988395431009
100033,2023-09-18,-0.39235525997878157
100033,2023-09-19,-0.6918059086895232
100033,2023-09-20,-0.14740217379454773
100033,2023-09-21,-0.356108094662534
100033,2023-09-22,-0.14836721301306155
100033,2023-09-25,0.33418946260504945
100033,2023-09-26,0.07519913509305949
100033,2023-09-27,0.5951213205727499
100033,2023-09-28,0.5031428811953681
100033,2023-09-29,0.3623038956130604
100033,2023-10-02,0.2577365626189596
100033,2023-10-03,0.44987537736624367
100033,2023-10-04,0.288427311402788
100033,2023-10-05,0.27971967315615187
100033,2023-10-06,0.4697380221194255
100033,2023-10-09,0.42088460968633074
100033,2023-10-10,0.3595213219955417
100033,2023-10-11,0.5045212293770296
100033,2023-10-12,0.7395429185493649
100033,2023-10-13,0.5583135889011305
100033,2023-10-16,0.6041209058669088
100033,2023-10-17,0.2986604591293122
100033,2023-10-18,0.6772319033131909
100033,2023-10-19,0.8854125144054178
100033,2023-10-20,1.1720344276906283
100033,2023-10-23,1.2684542215038868
100033,2023-10-24,1.317590623748919
100033,2023-10-25,1.3435433427695918
100033,2023-10-26,1.0326919208577983
100033,2023-10-27,0.7689421693436377
100033,2023-10-30,0.5595753528725812
100033,2023-10-31,0.47717881014341623
100033,2023-11-01,0.48006250399608924
100033,2023-11-02,0.6542412845137872
100033,2023-11-03,0.4918866488712224
100033,2023-11-06,0.4770148088684352
100033,2023-11-07,-0.005442434812510624
100033,2023-11-08,0.11630799354241285
100033,2023-11-09,0.5727183202373196
100033,2023-11-10,0.7508401867142921
100033,2023-11-13,1.014351436037738
100033,2023-11-14,1.0099857940576673
100033,2023-11-15,0.9315651913202176
100033,2023-11-16,1.1246613626260666
100033,2023-11-17,1.1767427358067184
100033,2023-11-20,1.4413362670368202
100033,2023-11-21,1.1179044934389588
100033,2023-11-22,1.154195350693392
100033,2023-11-23,1.2625138971052154
100033,2023-11-24,1.4717427278717805
100033,2023-11-27,1.654525981616156
100033,2023-11-28,1.502636919529004
100033,2023-11-29,1.6908940062246802
100033,2023-11-30,1.7691502321553552
100033,2023-12-01,1.4590572544389806
100033,2023-12-04,1.351279189089118
100033,2023-12-05,1.6273744504330634
100033,2023-12-06,1.6389489506041615
100033,2023-12-07,1.8470852581261685
100033,2023-12-08,1.8397658457543178
100033,2023-12-11,1.9414434301691075
100033,2023-12-12,1.7726378886334349
100033,2023-12-13,1.8801692829650714
100033,2023-12-14,2.092351368146907
100033,2023-12-15,2.389110840217476
100033,2023-12-18,2.3291451444176445
100033,2023-12-19,2.203086125786492
100033,2023-12-20,2.4833184299858218
100033,2023-12-21,2.6327103289431197
100033,2023-12-22,2.0682441519407213
100033,2023-12-25,2.175541148990338
100033,2023-12-26,2.3469336715631415
100033,2023-12-27,2.738878485567981
100033,2023-12-28,2.4867329065138817
100033,2023-12-29,2.4047961320090536
100033,2024-01-01,2.3282143105024273
100033,2024-01-02,2.4056868637903768
100033,2024-01-03,2.1773223978923752
100033,2024-01-04,2.645123154975667
100033,2024-01-05,2.305119653100191
100033,2024-01-08,2.2446815661761375
100033,2024-01-09,2.171835502190354
100033,2024-01-10,2.171354619906573
100033,2024-01-11,1.6054267498458974
100033,2024-01-12,1.8170299896241853
100033,2024-01-15,1.6328534882577401
100033,2024-01-16,1.7022181875551103
100033,2024-01-17,1.408471250243907
100033,2024-01-18,1.620957112165444
100033,2024-01-19,1.7592250901622912
100033,2024-01-22,1.7279459228969136
100033,2024-01-23,1.9364585012138944
100033,2024-01-24,1.3211025549473188
100033,2024-01-25,1.528899476338945
100033,2024-01-26,1.3102951587411835
100033,2024-01-29,1.147423955270147
100033,2024-01-30,0.9212453169542059
100033,2024-01-31,0.9278490048557737
100033,2024-02-01,0.9995828549995042
100033,2024-02-02,1.2399471208223523
100033,2024-02-05,1.2598274363507465
100033,2024-02-06,0.9948983256255246
100033,2024-02-07,1.3363369781678662
100033,2024-02-08,1.2461285853379018
100033,2024-02-09,1.202545424240073
100033,2024-02-12,1.1314330725548043
100033,2024-02-13,0.8865685379998821
100033,2024-02-14,1.2687021895214758
100033,2024-02-15,1.2584648739305766
100033,2024-02-16,1.4397526781497372
100033,2024-02-19,1.588600320190232
100033,2024-02-20,1.494873437496041
100033,2024-02-21,1.5644182703895366
100033,2024-02-22,1.2139606802667604
100033,2024-02-23,0.9021715491796027
100033,2024-02-26,0.8642476761857562
100033,2024-02-27,0.9261370324060164
100033,2024-02-28,1.0452187975433702
100033,2024-02-29,1.1910973998353278
100033,2024-03-01,1.5004745621862716
100033,2024-03-04,1.5146773181667421
100033,2024-03-05,1.3032222246365175
100033,2024-03-06,1.3868202802730147
100033,2024-03-07,1.3368478991756838
100033,2024-03-08,1.6616089193874097
100033,2024-03-11,1.678068325790979
100033,2024-03-12,2.0505085472642115
100033,2024-03-13,1.9224939675437234
100033,2024-03-14,1.894245690800384
100033,2024-03-15,1.8576446723724105
100033,2024-03-18,1.776674210369656
100033,2024-03-19,1.6126503771011194
100033,2024-03-20,1.5011216306403696
100033,2024-03-21,1.5529035415013521
100033,2024-03-22,1.3250824600133007
100033,2024-03-25,1.1452827680100344
100033,2024-03-26,1.337088731239891
100033,2024-03-27,1.6990797756973264
100033,2024-03-28,1.8844080680642714
100033,2024-03-29,1.6768533754679065
100033,2024-04-01,1.1714028625985051
100033,2024-04-02,1.3633277258873833
100033,2024-04-03,0.9763351720352155
100033,2024-04-04,1.1340602517259248
100033,2024-04-05,1.0818588290548017
100033,2024-04-08,1.5690891249324783
100033,2024-04-09,1.5641002784358187
100033,2024-04-10,1.6596762094387427
100033,2024-04-11,1.6889702756741536
100033,2024-04-12,1.5796346835652524
100033,2024-04-15,1.202554712413692
100033,2024-04-16,0.8860651711131756
100033,2024-04-17,0.5155846989921022
100033,2024-04-18,0.5709345192005127
100033,2024-04-19,0.19885641403952284
100033,2024-04-22,0.08754584560061107
100033,2024-04-23,0.06342275160392732
100033,2024-04-24,0.0036921005826514837
100033,2024-04-25,-0.05264474067547178
100033,2024-04-26,0.4628287470323897
100033,2024-04-29,0.2640417008719984
100033,2024-04-30,0.0004714704513889079
100033,2024-05-01,0.18709596653788338
100033,2024-05-02,0.12495845992643216
100033,2024-05-03,0.43235957919919543
100033,2024-05-06,0.9200168174534569
100033,2024-05-07,0.6212856399127582
100033,2024-05-08,0.6826106934040358
100033,2024-05-09,0.7516848103343821
100033,2024-05-10,0.7226248375185894
100033,2024-05-13,0.7937849887313617
100033,2024-05-14,0.6323675858204119
100033,2024-05-15,0.6811882025740732
100033,2024-05-16,1.1231937019708542
100033,2024-05-17,1.1811872856961432
100033,2024-05-20,1.3292810729220055
100033,2024-05-21,1.6711414440250485
100033,2024-05-22,1.94359909414767
100033,2024-05-23,2.0273518916003854
100033,2024-05-24,2.014432317547809
100033,2024-05-27,2.0665474335951437
100033,2024-05-28,1.823079873546757
100033,2024-05-29,2.2974865640088855
100033,2024-05-30,2.493313639782949
100033,2024-05-31,2.2286856498933005
100033,2024-06-03,1.8028466682627848
100033,2024-06-04,2.1211703269932656
100033,2024-06-05,1.5113312237561418
100033,2024-06-06,1.6248720956363132
100033,2024-06-07,1.783435403976331
100033,2024-06-10,1.8721284964552614
100033,2024-06-11,1.7474981073729847
100033,2024-06-12,1.7969140299685997
100033,2024-06-13,2.289293371602379
100033,2024-06-14,2.257106920324285
100033,2024-06-17,2.405803127285038
100033,2024-06-18,2.5740931719034443
100033,2024-06-19,2.297804448476733
100033,2024-06-20,2.206209999188146
100033,2024-06-21,2.0979194115830575
100033,2024-06-24,2.0625245765161537
100033,2024-06-25,2.6725418278892183
100033,2024-06-26,2.1438844488922677
100033,2024-06-27,2.6370073985227904
100033,2024-06-28,2.5530035769092083
100033,2024-07-01,2.884948543738843
100033,2024-07-02,2.6779873902679623
100033,2024-07-03,2.3628729681636202
100033,2024-07-04,2.4979467563959634
100033,2024-07-05,2.7623201511445097
100033,2024-07-08,3.0531465364446944
100033,2024-07-09,3.3863372572314625
100033,2024-07-10,3.3360145312713647
100033,2024-07-11,3.4379110304112865
100033,2024-07-12,3.0324511773766494
100033,2024-07-15,3.1617166208308762
100033,2024-07-16,2.9631350717898863
100033,2024-07-17,2.789962198839937
100033,2024-07-18,2.5420096291385956
100033,2024-07-19,2.554665958950105
100033,2024-07-22,2.6131973928853656
100033,2024-07-23,2.7811899387715164
100033,2024-07-24,2.650664628178776
100033,2024-07-25,2.630897976293327
100033,2024-07-26,2.6083618936505295
100033,2024-07-29,2.8099268417872567
100033,2024-07-30,2.8960314397543625
100033,2024-07-31,2.707241570955486
100033,2024-08-01,2.575702380190547
100033,2024-08-02,2.768663412342624
100033,2024-08-05,2.9316090288991554
100033,2024-08-06,3.134225046351122
100033,2024-08-07,3.505233570844148
100033,2024-08-08,3.489562821403349
100033,2024-08-09,3.56417834644477
100033,2024-08-12,3.23419213175878
100033,2024-08-13,3.359774848199542
100033,2024-08-14,3.2264152950227674
100033,2024-08-15,2.8034430481888317
100033,2024-08-16,2.4551901554965267
100033,2024-08-19,2.731396558346714
100033,2024-08-20,3.2396129994335734
100033,2024-08-21,3.23601306172713
100033,2024-08-22,3.423946950368219
100033,2024-08-23,3.3424485307852523
100033,2024-08-26,3.414893353708282
100033,2024-08-27,3.5527268953164417
100033,2024-08-28,3.479676603413388
100033,2024-08-29,3.651556264582454
100033,2024-08-30,3.811245692703549
100033,2024-09-02,3.9153063127702867
100033,2024-09-03,3.9642854882377283
100033,2024-09-04,3.6674402197901816
100033,2024-09-05,3.239895360144628
100033,2024-09-06,3.1617958957774066
100033,2024-09-09,2.981043862322272
100033,2024-09-10,3.358651028601385
100033,2024-09-11,3.3307247671997375
100033,2024-09-12,3.002463142479512
100033,2024-09-13,2.9366613418784935
100033,2024-09-16,2.997400165628517
100033,2024-09-17,3.0975742208402846
100033,2024-09-18,3.2849496625014893
100033,2024-09-19,3.2461001766547617
100033,2024-09-20,3.3412653072952665
100033,2024-09-23,3.319427713675502
100033,2024-09-24,2.808829071255563
100033,2024-09-25,2.5866050311414868
100033,2024-09-26,2.4905835546285005
100033,2024-09-27,2.542237133482131
100033,2024-09-30,2.3051198253653653
100033,2024-10-01,2.4382601415525706
100033,2024-10-02,2.393891829475288
100033,2024-10-03,2.3293674348484226
100033,2024-10-04,2.788525590148616
100033,2024-10-07,2.944253761052679
100033,2024-10-08,3.1739037023371246
100033,2024-10-09,3.380603403929985
100033,2024-10-10,3.3527689398716047
100033,2024-10-11,3.433294477460904
100033,2024-10-14,3.0862725915711455
100033,2024-10-15,3.2489080195572284
100033,2024-10-16,3.2155958827459963
100033,2024-10-17,3.101968139143991
100033,2024-10-18,3.041900516668505
100033,2024-10-21,2.8044287258674476
100033,2024-10-22,2.9307843078456717
100033,2024-10-23,3.0333927871343045
100033,2024-10-24,2.8199392514374693
100033,2024-10-25,2.587219346306457
100033,2024-10-28,2.4747287157755053
100033,2024-10-29,2.2275714315520796
100033,2024-10-30,2.4570085970370252
100033,2024-10-31,2.5977669560048677
100033,2024-11-01,2.699912474522711
100033,2024-11-04,1.9833202931900242
100033,2024-11-05,2.015383410952295
100033,2024-11-06,2.3213011346911356
100033,2024-11-07,2.153526395972615
100033,2024-11-08,1.626423450705301
100033,2024-11-11,1.1440625939610367
100033,2024-11-12,1.0106569970329964
100033,2024-11-13,1.0968332288883478
100033,2024-11-14,1.070120747516439
100033,2024-11-15,1.4440607205310236
100033,2024-11-18,1.3105898627497967
100033,2024-11-19,1.1762000380197404
100033,2024-11-20,1.4865094521309423
100033,2024-11-21,1.6602930751085214
100033,2024-11-22,1.5397092009704945
100033,2024-11-25,1.0479113604966124
100033,2024-11-26,0.776524665317312
100033,2024-11-27,0.7451685662748241
100033,2024-11-28,0.7388433971702014
100033,2024-11-29,1.0189768815310007
100033,2024-12-02,1.100505703920083
100033,2024-12-03,1.1249522879678573
100033,2024-12-04,1.0908535218527806
100033,2024-12-05,1.1541906563122817
100033,2024-12-06,1.2343606541106138
100033,2024-12-09,1.3144804576934674
100033,2024-12-10,0.7369045642830714
100033,2024-12-11,0.582545774034037
100033,2024-12-12,0.5959841632249346
100033,2024-12-13,0.6913434838368462
100033,2024-12-16,0.8502251010118519
100033,2024-12-17,1.1204081504842958
100033,2024-12-18,1.115274667429136
100033,2024-12-19,1.3717534592421536
100033,2024-12-20,1.8658128514236452
100033,2024-12-23,1.7075088305388901
100033,2024-12-24,1.4480673732419418
100033,2024-12-25,1.5581979340461853
100033,2024-12-26,1.3891678095298474
100033,2024-12-27,1.4407916767060975
100033,2024-12-30,1.5166637131457161
100033,2024-12-31,1.1134760761269304
100033,2025-01-01,0.9899010617376602
100033,2025-01-02,1.0008695769503542
100033,2025-01-03,0.7515065800799638
100033,2025-01-06,0.8908405585609034
100033,2025-01-07,0.7986151104310598
100033,2025-01-08,0.5748667393798829
100033,2025-01-09,1.2652772905952532
100033,2025-01-10,1.4467695905809632
100033,2025-01-13,1.1260919436578092
100033,2025-01-14,1.1608082410760419
100033,2025-01-15,1.0233168522918907
100033,2025-01-16,1.0416848664673637
100033,2025-01-17,1.26600869419177
100033,2025-01-20,0.8615938444294717
100033,2025-01-21,0.8938450820092421
100033,2025-01-22,0.8587354983692843
100033,2025-01-23,0.7215066199789534
100033,2025-01-24,0.5642211383385056
100033,2025-01-27,0.7391238011496584
100033,2025-01-28,0.8550934416189309
100033,2025-01-29,0.7509979079288062
100033,2025-01-30,0.22456718392312947
100033,2025-01-31,0.20749652666700105
100033,2025-02-03,0.16627236560773892
100033,2025-02-04,0.005246480721744785
100033,2025-02-05,-0.005707854793544131
100033,2025-02-06,-0.32736397652274557
100033,2025-02-07,-0.8203923093449876
100033,2025-02-10,-0.6906064221921024
100033,2025-02-11,-0.9884307557606886
100033,2025-02-12,-0.9200889809879027
100033,2025-02-13,-1.3567106019536852
100033,2025-02-14,-1.5690255550160035
100033,2025-02-17,-1.043192165614924
100033,2025-02-18,-0.9202844407968572
100033,2025-02-19,-1.322361618637029
100033,2025-02-20,-1.5628084674127436
100033,2025-02-21,-1.781057558956461
100033,2025-02-24,-1.4138475975105476
100033,2025-02-25,-1.59995932292008
100033,2025-02-26,-2.171936333555916
100033,2025-02-27,-2.0167999041023403
100033,2025-02-28,-1.6957168544868333
100033,2025-03-03,-1.80847052399845
100033,2025-03-04,-1.9984366815984047
100033,2025-03-05,-2.1652527207844683
100033,2025-03-06,-2.190695152089779
100033,2025-03-07,-2.179481936508679
100033,2025-03-10,-2.185108476229735
100033,2025-03-11,-2.1750500191377697
100033,2025-03-12,-1.9730881048853004
100033,2025-03-13,-1.9943938374466323
100033,2025-03-14,-1.3950336872688047
100033,2025-03-17,-0.9799237072160537
100033,2025-03-18,-0.8113924026153471
100033,2025-03-19,-1.0223901317871562
100033,2025-03-20,-1.3056587283551795
100033,2025-03-21,-1.620663670758685
100033,2025-03-24,-1.5214600394596072
100033,2025-03-25,-1.1831166717054704
100033,2025-03-26,-1.4742080023996216
100033,2025-03-27,-1.8209431722093765
100033,2025-03-28,-2.121723461101785
100033,2025-03-31,-1.2792934996341905
100033,2025-04-01,-0.9987861228453729
100033,2025-04-02,-0.929985167910109
100033,2025-04-03,-1.2360652784487487
100033,2025-04-04,-1.2674589085581967
100033,2025-04-07,-1.3206825015730947
100033,2025-04-08,-1.3451806715488694
100033,2025-04-09,-1.5504909992908482
100033,2025-04-10,-1.6636100013007102
100033,2025-04-11,-1.8136385274305307
100033,2025-04-14,-1.9757815742639597
100033,2025-04-15,-1.7636394079860103
100033,2025-04-16,-2.0575932132522383
100033,2025-04-17,-2.0400699415124226
100033,2025-04-18,-1.9500380959755048
100033,2025-04-21,-2.193704913341527
100033,2025-04-22,-2.655562154989935
100033,2025-04-23,-2.7568023822577183
100033,2025-04-24,-2.571498072091882
100033,2025-04-25,-2.802303626542287
100033,2025-04-28,-2.4605162817268584
100033,2025-04-29,-1.8427512420307686
100033,2025-04-30,-2.0113083373802767
100033,2025-05-01,-2.418526138969703
100033,2025-05-02,-2.0163661554661183
100033,2025-05-05,-1.5722123671726285
100033,2025-05-06,-1.3806744438114962
100033,2025-05-07,-1.487022292569227
100033,2025-05-08,-1.7045962210266765
100033,2025-05-09,-2.051582060641825
100033,2025-05-12,-1.9162512310240385
100033,2025-05-13,-2.0514343733438434
100033,2025-05-14,-1.87144508451183
100033,2025-05-15,-2.3649467928857955
100033,2025-05-16,-2.46376089517626
100033,2025-05-19,-2.4020581887559844
100033,2025-05-20,-2.5200386471002827
100033,2025-05-21,-2.5014616053146512
100033,2025-05-22,-2.625791943323739
100033,2025-05-23,-2.5833723997563913
100033,2025-05-26,-2.4543941636130007
100033,2025-05-27,-2.5680390213155517
100033,2025-05-28,-2.070402851543244
100033,2025-05-29,-1.8850976062961684
100033,2025-05-30,-2.047420433645781
100033,2025-06-02,-2.157029767891208
100033,2025-06-03,-1.6249907976067877
100033,2025-06-04,-1.3670084462638747
100033,2025-06-05,-0.9512830866842956
100033,2025-06-06,-1.1048363437736723
100033,2025-06-09,-1.0091081897217271
100033,2025-06-10,-1.0873755842323454
100033,2025-06-11,-1.0771973716931116
100033,2025-06-12,-0.7202292225218732
100033,2025-06-13,-0.26865433797223326
100033,2025-06-16,-0.28025673241314686
100033,2025-06-17,-0.5392120644740377
100033,2025-06-18,-0.6358726623226512
100033,2025-06-19,-0.4292015197040513
100033,2025-06-20,-0.5793292879820157
100033,2025-06-23,-0.6262022834108003
100033,2025-06-24,-0.9044988496781049
100033,2025-06-25,-0.8113577571547921
100033,2025-06-26,-0.6256963226085431
100033,2025-06-27,-0.4229479895582226
100033,2025-06-30,-0.5467440523512942
100033,2025-07-01,-0.5911327961819322
100033,2025-07-02,-0.1931153574392308
100033,2025-07-03,-0.17844218176481355
100033,2025-07-04,-0.13623635087598704
100033,2025-07-07,-0.37492602806376624
100033,2025-07-08,-0.3922811052172379
100033,2025-07-09,-0.08928983570628472
100033,2025-07-10,-0.09602303305079271
100033,2025-07-11,0.3355097378163622
100033,2025-07-14,0.7055327512443664
100033,2025-07-15,1.0734399809613084
100033,2025-07-16,0.7421203997991911
100033,2025-07-17,1.0812671473839504
100033,2025-07-18,0.9087746439788252
100033,2025-07-21,0.6308984746308723
100033,2025-07-22,0.624486842458513
100033,2025-07-23,0.6402968458137213
100033,2025-07-24,0.7802613046660071
100033,2025-07-25,0.7885271749327758
100033,2025-07-28,0.7875017523408891
100033,2025-07-29,0.9489023468176778
100033,2025-07-30,1.1237473899156127
100033,2025-07-31,1.5153728922019816
100033,2025-08-01,1.7132371916393514
100033,2025-08-04,1.651471464002319
100033,2025-08-05,1.3974396670556446
100033,2025-08-06,1.2041156918704559
100033,2025-08-07,1.725794267046354
100033,2025-08-08,1.507349437606956
100033,2025-08-11,1.8299008554569975
100033,2025-08-12,1.957929698429966
100033,2025-08-13,2.138055522292192
100033,2025-08-14,1.6999391972181697
100033,2025-08-15,1.78236320981624
100033,2025-08-18,1.9625604730744541
100033,2025-08-19,2.038366484073971
100033,2025-08-20,2.66240895169558
100033,2025-08-21,2.408231607584887
100033,2025-08-22,2.4288656344739428
100033,2025-08-25,2.7633994595679234
100033,2025-08-26,3.1385764693656792
100033,2025-08-27,3.281838649032299
100033,2025-08-28,2.7648815588490043
100033,2025-08-29,2.76436043286065
100033,2025-09-01,2.4359809091779008
100033,2025-09-02,2.096410658650606
100033,2025-09-03,2.3786102578138797
100033,2025-09-04,2.828383366093642
100033,2025-09-05,2.881350220497649
100033,2025-09-08,2.659973028408619
100033,2025-09-09,2.292444737669037
100033,2025-09-10,1.9445346514279822
100033,2025-09-11,1.9970476438008662
100033,2025-09-12,2.187705872529722
100033,2025-09-15,1.8665881988118067
100033,2025-09-16,1.7880760500905408
100033,2025-09-17,1.7003674490117857
100033,2025-09-18,1.8657614709905743
100033,2025-09-19,1.9646451255173154
100033,2025-09-22,2.07277696987502
100033,2025-09-23,2.3134416871076073
100033,2025-09-24,2.0991682406803753
100033,2025-09-25,2.4554646022941755
100033,2025-09-26,2.350647466335226
100033,2025-09-29,2.4853557041732124
100033,2025-09-30,2.602516785341825
100033,2025-10-01,2.4369865221506823
100033,2025-10-02,2.403583001442785
100033,2025-10-03,2.2943767123071344
100033,2025-10-06,2.0422974769012456
100033,2025-10-07,1.6697204600058624
100033,2025-10-08,1.794219325923306
100033,2025-10-09,1.4777907404412813
100033,2025-10-10,1.6774872077748773
100033,2025-10-13,1.7841674530847547
100033,2025-10-14,1.8309326248596631
100033,2025-10-15,2.039616421802416
100033,2025-10-16,2.1203989167051382
100033,2025-10-17,2.012403012136627
100033,2025-10-20,2.0083818912879328
100033,2025-10-21,2.3273071316627285
100033,2025-10-22,2.6098293114458433
100033,2025-10-23,2.3061880957685856
100033,2025-10-24,2.302208257501912
100033,2025-10-27,1.792353986419567
100033,2025-10-28,2.2641340034166877
100033,2025-10-29,2.3239803825851006
100033,2025-10-30,2.1112563864655463
100033,2025-10-31,2.3361526985540326
100033,2025-11-03,2.3291650651018907
100033,2025-11-04,2.1192706480150143
100033,2025-11-05,2.056541953424464
100033,2025-11-06,2.0351390981029405
100033,2025-11-07,1.54766145224336
100033,2025-11-10,1.7279102104744193
100033,2025-11-11,1.7633930802989761
100033,2025-11-12,1.6852059247035196
100033,2025-11-13,1.2861927415620524
100033,2025-11-14,1.228103269425668
100033,2025-11-17,1.2838786861010336
100033,2025-11-18,1.0228801313744194
100033,2025-11-19,1.2285097131827156
100033,2025-11-20,0.8262983781750555
100033,2025-11-21,0.7582076896223219
100033,2025-11-24,0.8676710562548734
100033,2025-11-25,0.6305217810164082
100033,2025-11-26,0.750550920034903
100033,2025-11-27,0.9091717563473612
100033,2025-11-28,1.0880204942487093
100033,2025-12-01,1.317757154960962
100033,2025-12-02,0.9665260663410328
100033,2025-12-03,0.6706321453212467
100033,2025-12-04,0.7897514815036076
100033,2025-12-05,1.189655452332554
100033,2025-12-08,1.1694685557340312
100033,2025-12-09,1.2343807800690305
100033,2025-12-10,1.1298450982155972
100033,2025-12-11,0.6618771039639271
100033,2025-12-12,0.43116541169821027
100033,2025-12-15,0.12216403309705412
100033,2025-12-16,0.25212751479953815
100033,2025-12-17,0.2544796290347543
100033,2025-12-18,0.6464389241425764
100033,2025-12-19,0.8957491609670675
100033,2025-12-22,0.8027802528273573
100033,2025-12-23,0.9482083231826226
100033,2025-12-24,1.01354050557382
100033,2025-12-25,1.1146308944869667
100033,2025-12-26,0.8696707840833057
100033,2025-12-29,0.8578752477073186
100033,2025-12-30,0.6064651232325668
100033,2025-12-31,0.3082700914768104
100033,2026-01-01,0.8924096486903738
100033,2026-01-02,1.1326500172214968
100033,2026-01-05,1.3776048832149095
100033,2026-01-06,1.1764134512275206
100033,2026-01-07,0.7785095865725101
100033,2026-01-08,0.7434435182983007
100033,2026-01-09,0.4509683173571347
100033,2026-01-12,0.3283485417525964
100033,2026-01-13,0.7470457407623867
100033,2026-01-14,1.3750931107082187
100033,2026-01-15,1.589089512292245
100033,2026-01-16,1.4377562116260028
100033,2026-01-19,1.561695309538602
100033,2026-01-20,2.0461626494662766
100033,2026-01-21,2.2756623890010403
100033,2026-01-22,2.571076039898462
100033,2026-01-23,2.528502647951609
100033,2026-01-26,2.7887524164457957
100033,2026-01-27,2.6239291834446514
100033,2026-01-28,3.021146932063821
100033,2026-01-29,2.802842073222116
100033,2026-01-30,2.7965805355092144
100033,2026-02-02,2.8319987895392296
100033,2026-02-03,3.1785787223930795
100033,2026-02-04,3.1249341069682033
100033,2026-02-05,3.0545399617205806
100033,2026-02-06,3.4179108156823905
100033,2026-02-09,2.9299949376182846
100033,2026-02-10,2.687775679342268
100033,2026-02-11,2.719102995901453
100033,2026-02-12,2.9548351854256705
100033,2026-02-13,3.06447149664119
100033,2026-02-16,3.006714086979928
100033,2026-02-17,3.099331760292788
100033,2026-02-18,2.725024934577995
100033,2026-02-19,2.692079213075096
100033,2026-02-20,2.8590644669023813
100033,2026-02-23,3.018176468338174
100033,2026-02-24,3.2610955098371104
100033,2026-02-25,3.2344210105683175
100033,2026-02-26,3.6710480499584217
100033,2026-02-27,3.4084552048668946
100033,2026-03-02,3.6158916645869783
100033,2026-03-03,3.37617623061746
100033,2026-03-04,3.559466386321607
100033,2026-03-05,3.4768859469305293
100033,2026-03-06,3.461688188918455
100033,2026-03-09,3.3875601104470583
100033,2026-03-10,3.584813458132158
100033,2026-03-11,3.6428614146817324
100033,2026-03-12,3.631710606760981
100033,2026-03-13,3.9363239532524865
100033,2026-03-16,3.6958477729337718
100033,2026-03-17,3.683322519924369
100033,2026-03-18,3.6114107077952426
100033,2026-03-19,3.8302385856322183
100033,2026-03-20,3.716068092620218
100033,2026-03-23,3.8510051833842733
100033,2026-03-24,3.8867750909041274
100033,2026-03-25,3.9811289901685702
100033,2026-03-26,4.247732537224283
100033,2026-03-27,4.1067213027558065
100033,2026-03-30,4.086627197143041
100033,2026-03-31,4.335528902995646
100033,2026-04-01,4.335584225944027
100033,2026-04-02,4.324286638141973
100033,2026-04-03,4.392009390274667
100033,2026-04-06,4.123802731223183
100033,2026-04-07,4.210367148741215
100033,2026-04-08,4.707928693240008
100033,2026-04-09,4.654436403843883
100033,2026-04-10,4.525842293032881
100033,2026-04-13,4.266049869637205
100033,2026-04-14,4.043433391226629
100033,2026-04-15,4.082894136090075
100033,2026-04-16,4.381885751872995
100033,2026-04-17,4.885278738128509
100033,2026-04-20,4.6388943239817175
100033,2026-04-21,4.390572071822498
100033,2026-04-22,4.541833059454732
100033,2026-04-23,4.203458745224289
100033,2026-04-24,4.166431716065249
100033,2026-04-27,4.172495322400985
100033,2026-04-28,4.083490184023966
100033,2026-04-29,3.6531360524799026
100033,2026-04-30,3.4397165838923685
100033,2026-05-01,3.4675501908665067
100033,2026-05-04,3.3135448922067856
100033,2026-05-05,3.304328058918132
100033,2026-05-06,3.5324759925302454
100033,2026-05-07,3.369789832370779
100033,2026-05-08,3.1086267840423725
100033,2026-05-11,3.061783813043119
100033,2026-05-12,2.939188007777339
100033,2026-05-13,3.314435899948302
100033,2026-05-14,3.2723005859854033
100033,2026-05-15,3.6638203581620394
100033,2026-05-18,3.5169824923877764
100033,2026-05-19,2.881340440054251
100033,2026-05-20,2.8608677350916185
100033,2026-05-21,2.683400688776323
100033,2026-05-22,2.679094569053034
100033,2026-05-25,2.40030782777816
100033,2026-05-26,2.527005080133138
100033,2026-05-27,2.6884210476652886
100033,2026-05-28,1.8602593410322565
100033,2026-05-29,1.6933843128123334
101206,2022-03-07,-0.47691841840893784
101206,2022-03-08,-0.5970881078930144
101206,2022-03-09,-0.4318526732902546
101206,2022-03-10,-0.38969823484702126
101206,2022-03-11,0.009338444115510332
101206,2022-03-14,0.1563320926904652
101206,2022-03-15,-0.1683447363770024
101206,2022-03-16,-0.32038628441477013
101206,2022-03-17,-0.30049455065195535
101206,2022-03-18,0.16341818366955668
101206,2022-03-21,0.016812795095957244
101206,2022-03-22,-0.513575099260922
101206,2022-03-23,-0.36191133318801677
101206,2022-03-24,-0.5781118349833447
101206,2022-03-25,-0.9369140155326627
101206,2022-03-28,-0.9148920567226457
101206,2022-03-29,-0.6051804678262408
101206,2022-03-30,-0.7546782738991133
101206,2022-03-31,-0.5967663620608543
101206,2022-04-01,-0.3891101745582795
101206,2022-04-04,-0.15607796617201575
101206,2022-04-05,-0.3452103566907261
101206,2022-04-06,-0.6296991013539339
101206,2022-04-07,-0.8709592742444651
101206,2022-04-08,-0.6447383866686918
101206,2022-04-11,-0.4576225104903781
101206,2022-04-12,-0.684964811434013
101206,2022-04-13,-0.12621439729467865
101206,2022-04-14,-0.3713979907709062
101206,2022-04-15,-0.12440723132101175
101206,2022-04-18,0.23349440590479373
101206,2022-04-19,0.26336902563645725
101206,2022-04-20,0.09557321866618061
101206,2022-04-21,-0.06388058726901627
101206,2022-04-22,-0.11456579314902719
101206,2022-04-25,0.12854320071918846
101206,2022-04-26,-0.12140615243831016
101206,2022-04-27,-0.48919870881676947
101206,2022-04-28,-0.4051998079148962
101206,2022-04-29,-0.27701314557477486
101206,2022-05-02,0.1286914475579137
101206,2022-05-03,-0.1336611471000209
101206,2022-05-04,-0.1531727352652622
101206,2022-05-05,0.07590906183576776
101206,2022-05-06,0.1037696505385516
101206,2022-05-09,0.07207636620824752
101206,2022-05-10,0.2061871707300148
101206,2022-05-11,0.023795013296940025
101206,2022-05-12,0.23787554518984835
101206,2022-05-13,0.14930856071448703
101206,2022-05-16,-0.3586477718250942
101206,2022-05-17,-0.5268014105044534
101206,2022-05-18,-1.2079664717706318
101206,2022-05-19,-1.0259834165319672
101206,2022-05-20,-1.1933096545161257
101206,2022-05-23,-1.3711387812439662
101206,2022-05-24,-1.3285498985362352
101206,2022-05-25,-1.2401595045873934
101206,2022-05-26,-1.0708089583415485
101206,2022-05-27,-1.0315405024529223
101206,2022-05-30,-1.2742988436798377
101206,2022-05-31,-0.8911588928063293
101206,2022-06-01,-0.9649201504763852
101206,2022-06-02,-0.9082256076362533
101206,2022-06-03,-0.5596422403777497
101206,2022-06-06,-0.2867834134426252
101206,2022-06-07,0.15697051197681205
101206,2022-06-08,0.41899734680750494
101206,2022-06-09,0.5079132378272454
101206,2022-06-10,0.1303622204750311
101206,2022-06-13,0.09071392475924804
101206,2022-06-14,0.09691232400635338
101206,2022-06-15,-0.12649659479021658
101206,2022-06-16,-0.12325295585282757
101206,2022-06-17,0.06260724436050098
101206,2022-06-20,-0.05989892373031505
101206,2022-06-21,-0.1537057048604475
101206,2022-06-22,-0.2916811545082475
101206,2022-06-23,-0.3164303172557753
101206,2022-06-24,-0.38705223061899213
101206,2022-06-27,-0.6637064143181709
101206,2022-06-28,-0.4300098725518186
101206,2022-06-29,-0.07338612872785669
101206,2022-06-30,-0.0013949454983776062
101206,2022-07-01,0.16760256704787996
101206,2022-07-04,0.22472047472702872
101206,2022-07-05,0.05502008329897035
101206,2022-07-06,0.3098918035520287
101206,2022-07-07,0.5996818141235223
101206,2022-07-08,0.6114323415255445
101206,2022-07-11,0.7647851795551852
101206,2022-07-12,0.7964496904501265
101206,2022-07-13,0.9303958709354198
101206,2022-07-14,1.109501413265535
101206,2022-07-15,1.0429898982517514
101206,2022-07-18,0.9875911085903106
101206,2022-07-19,1.097757168384609
101206,2022-07-20,1.3043148408340248
101206,2022-07-21,1.0984454719875154
101206,2022-07-22,0.7086852912190121
101206,2022-07-25,0.5318423080182371
101206,2022-07-26,1.0586234191026693
101206,2022-07-27,0.8522278729384584
101206,2022-07-28,1.0587637290669007
101206,2022-07-29,1.274462457921501
101206,2022-08-01,1.7149328258113423
101206,2022-08-02,1.6297024548036525
101206,2022-08-03,1.388210242868398
101206,2022-08-04,1.4950893384719213
101206,2022-08-05,1.3173742566649513
101206,2022-08-08,1.1537021642309189
101206,2022-08-09,1.164188005989753
101206,2022-08-10,1.3938052160813381
101206,2022-08-11,1.5993134003869958
101206,2022-08-12,1.3552572850950713
101206,2022-08-15,1.1557713126151992
101206,2022-08-16,1.342081023065382
101206,2022-08-17,0.5748465226746942
101206,2022-08-18,0.5110632490504009
101206,2022-08-19,0.6200499409538708
101206,2022-08-22,0.4234677196013822
101206,2022-08-23,0.3156614240692089
101206,2022-08-24,0.1587246407359332
101206,2022-08-25,0.2748033024322168
101206,2022-08-26,0.48254324154329303
101206,2022-08-29,0.7258524871271733
101206,2022-08-30,1.2177376930054757
101206,2022-08-31,1.3862522313015617
101206,2022-09-01,1.245378819428759
101206,2022-09-02,0.9042565023486497
101206,2022-09-05,0.45606903321515935
101206,2022-09-06,0.6518791635523532
101206,2022-09-07,0.6132457174171309
101206,2022-09-08,0.7519419997375537
101206,2022-09-09,0.5153380079112897
101206,2022-09-12,0.5396581638117224
101206,2022-09-13,0.08057881311408473
101206,2022-09-14,0.22829220496989142
101206,2022-09-15,-0.11891573073270155
101206,2022-09-16,0.25386725680815075
101206,2022-09-19,0.4513394456093146
101206,2022-09-20,0.2698711660302317
101206,2022-09-21,0.3446953520082468
101206,2022-09-22,0.17436895371423022
101206,2022-09-23,0.49326681035533476
101206,2022-09-26,0.5155773638110571
101206,2022-09-27,0.4048582329202172
101206,2022-09-28,0.563555155211977
101206,2022-09-29,0.31010494939421085
101206,2022-09-30,-0.17802437919786032
101206,2022-10-03,-0.08926643041241279
101206,2022-10-04,-0.17514585216113632
101206,2022-10-05,-0.033103308820820104
101206,2022-10-06,-0.3506231030597116
101206,2022-10-07,-0.6025858378956844
101206,2022-10-10,-0.5937169325009555
101206,2022-10-11,-1.031272397065141
101206,2022-10-12,-1.0409585219950954
101206,2022-10-13,-1.1504018039051471
101206,2022-10-14,-1.2154221811843566
101206,2022-10-17,-1.3118270210308058
101206,2022-10-18,-1.0444112455205525
101206,2022-10-19,-1.1510950155592459
101206,2022-10-20,-0.805116945852851
101206,2022-10-21,-0.734484550946071
101206,2022-10-24,-0.5645764633706877
101206,2022-10-25,-0.46024264838271867
101206,2022-10-26,-0.20725855110186378
101206,2022-10-27,-0.33371872295080196
101206,2022-10-28,0.14135800315123534
101206,2022-10-31,0.5954218196899963
101206,2022-11-01,0.44121494800084887
101206,2022-11-02,0.27150308236112564
101206,2022-11-03,-0.10426553611798095
101206,2022-11-04,-0.028723594283233976
101206,2022-11-07,-0.03766176459766748
101206,2022-11-08,0.051381484368094185
101206,2022-11-09,-0.0437619715785776
101206,2022-11-10,-0.21183147499768443
101206,2022-11-11,-0.374892941530746
101206,2022-11-14,-0.26306736135477354
101206,2022-11-15,-0.14931711340439408
101206,2022-11-16,0.12026643984681153
101206,2022-11-17,-0.11252747222954256
101206,2022-11-18,-0.25465675844349944
101206,2022-11-21,-0.2875099593478563
101206,2022-11-22,-0.2511351567747514
101206,2022-11-23,-0.20056851546038748
101206,2022-11-24,-0.0791405444181811
101206,2022-11-25,0.34563408141221513
101206,2022-11-28,0.6481061576665453
101206,2022-11-29,0.39432529069313915
101206,2022-11-30,0.391237747089105
101206,2022-12-01,0.48485617907003237
101206,2022-12-02,0.5077377350053529
101206,2022-12-05,0.07643113668509477
101206,2022-12-06,-0.08334170862133117
101206,2022-12-07,0.1937472610696582
101206,2022-12-08,-0.09014866220872363
101206,2022-12-09,0.183450078295156
101206,2022-12-12,0.32569252221162714
101206,2022-12-13,0.40329608862054483
101206,2022-12-14,0.34349855815174446
101206,2022-12-15,0.32948755428822063
101206,2022-12-16,0.4293761957691734
101206,2022-12-19,0.3589648931976628
101206,2022-12-20,0.05001209003967624
101206,2022-12-21,0.28872642467253823
101206,2022-12-22,0.49657395032604595
101206,2022-12-23,0.11724594311642984
101206,2022-12-26,0.19529629179400884
101206,2022-12-27,0.24229746731196167
101206,2022-12-28,0.8071075171062758
101206,2022-12-29,0.7262545141249087
101206,2022-12-30,0.5946122778732574
101206,2023-01-02,0.12920242070654264
101206,2023-01-03,-0.11354921455297509
101206,2023-01-04,0.212295297325054
101206,2023-01-05,0.3960333500244022
101206,2023-01-06,0.3014894362837973
101206,2023-01-09,0.5235318081788258
101206,2023-01-10,0.39048531995547864
101206,2023-01-11,0.39997024858329744
101206,2023-01-12,0.17597252631044724
101206,2023-01-13,0.20891308845126724
101206,2023-01-16,0.4089550799547254
101206,2023-01-17,0.7060557411176172
101206,2023-01-18,0.9994104930739236
101206,2023-01-19,1.244842712550581
101206,2023-01-20,1.3361907034697114
101206,2023-01-23,1.5762079283541583
101206,2023-01-24,1.7206868218629445
101206,2023-01-25,1.8793956291689504
101206,2023-01-26,2.0763979141910744
101206,2023-01-27,1.9318373941846387
101206,2023-01-30,2.107576997417279
101206,2023-01-31,2.1524635670225294
101206,2023-02-01,1.9503462366266888
101206,2023-02-02,1.900034338970993
101206,2023-02-03,2.5781555404279235
101206,2023-02-06,2.3005195918445445
101206,2023-02-07,2.166568369900917
101206,2023-02-08,2.052793197889601
101206,2023-02-09,2.1647262496677047
101206,2023-02-10,2.4296473779896526
101206,2023-02-13,2.2538544290678835
101206,2023-02-14,2.0813953529898233
101206,2023-02-15,2.310696905060148
101206,2023-02-16,2.2699798988950333
101206,2023-02-17,2.566205463919184
101206,2023-02-20,2.8134451827979605
101206,2023-02-21,2.722071627115262
101206,2023-02-22,2.7850732891357657
101206,2023-02-23,2.388729669141888
101206,2023-02-24,2.5646426278744867
101206,2023-02-27,2.470479716602968
101206,2023-02-28,2.414517463748077
101206,2023-03-01,2.026777436637685
101206,2023-03-02,1.8658835767633777
101206,2023-03-03,1.5221900745237356
101206,2023-03-06,1.1108369686353639
101206,2023-03-07,1.556344888624284
101206,2023-03-08,1.2516144757715366
101206,2023-03-09,1.2737461923291034
101206,2023-03-10,0.8299039017740464
101206,2023-03-13,0.7452720410627076
101206,2023-03-14,0.9753275830002681
101206,2023-03-15,1.2012948284158553
101206,2023-03-16,1.2562621805796022
101206,2023-03-17,1.405124756026239
101206,2023-03-20,1.3872419979720056
101206,2023-03-21,1.3717974429179418
101206,2023-03-22,0.3544099568485567
101206,2023-03-23,0.5983891275531946
101206,2023-03-24,0.7964503259410836
101206,2023-03-27,0.7585407270217253
101206,2023-03-28,0.4160715822016607
101206,2023-03-29,0.27838697870368856
101206,2023-03-30,0.3853856601612212
101206,2023-03-31,-0.04684707624201583
101206,2023-04-03,-0.11912977251166927
101206,2023-04-04,0.16391639779593656
101206,2023-04-05,0.7134372459538271
101206,2023-04-06,0.5591285372901614
101206,2023-04-07,0.6127170666990751
101206,2023-04-10,0.46465423774079706
101206,2023-04-11,0.48190503824990094
101206,2023-04-12,0.46877061614295595
101206,2023-04-13,0.7845498518819954
101206,2023-04-14,0.6933113502865592
101206,2023-04-17,0.893175560538695
101206,2023-04-18,0.6596272725371741
101206,2023-04-19,0.4630041838746106
101206,2023-04-20,0.6309561239491096
101206,2023-04-21,0.8681021520309314
101206,2023-04-24,1.037351793077744
101206,2023-04-25,0.5759190012035861
101206,2023-04-26,0.5844965122787551
101206,2023-04-27,0.6564633149955869
101206,2023-04-28,0.6307961917610972
101206,2023-05-01,0.5333702727013047
101206,2023-05-02,0.8539277582453495
101206,2023-05-03,0.7893065718133948
101206,2023-05-04,0.9998881942993146
101206,2023-05-05,0.96824954161081
101206,2023-05-08,0.9359392880525471
101206,2023-05-09,0.9836557295675434
101206,2023-05-10,0.8267103328415981
101206,2023-05-11,0.7428064845304597
101206,2023-05-12,0.8219001547365375
101206,2023-05-15,0.6319651848830607
101206,2023-05-16,0.9081133829048783
101206,2023-05-17,0.7814910644582815
101206,2023-05-18,0.7166637078218322
101206,2023-05-19,0.9590291361935445
101206,2023-05-22,0.8552822294321651
101206,2023-05-23,0.9983171426585584
101206,2023-05-24,0.7679888952917132
101206,2023-05-25,0.6562052890124062
101206,2023-05-26,0.1494451934885165
101206,2023-05-29,-0.18382544444079438
101206,2023-05-30,0.03208434380203168
101206,2023-05-31,0.048174457212902776
101206,2023-06-01,-0.13620307414791885
101206,2023-06-02,-0.20923681612608183
101206,2023-06-05,-0.7542595623632273
101206,2023-06-06,-0.8924175102508721
101206,2023-06-07,-0.6819494098267065
101206,2023-06-08,-0.5792156866786283
101206,2023-06-09,-0.9111190046613945
101206,2023-06-12,-0.8114603054931588
101206,2023-06-13,-0.8003964935769712
101206,2023-06-14,-1.165353347048452
101206,2023-06-15,-0.8968719913879393
101206,2023-06-16,-1.2652510300952087
101206,2023-06-19,-1.2836006829390605
101206,2023-06-20,-1.1287417062468532
101206,2023-06-21,-1.4761911716285057
101206,2023-06-22,-1.3449306993853904
101206,2023-06-23,-1.299223767660946
101206,2023-06-26,-1.3749465996193955
101206,2023-06-27,-1.5326230403568504
101206,2023-06-28,-1.5183866006405797
101206,2023-06-29,-1.3362059126259107
101206,2023-06-30,-1.7372406419279967
101206,2023-07-03,-1.8957209682999308
101206,2023-07-04,-2.0948997953034327
101206,2023-07-05,-2.0281848753389364
101206,2023-07-06,-1.736065056173908
101206,2023-07-07,-1.7729276283099138
101206,2023-07-10,-1.3409896487960973
101206,2023-07-11,-1.289683380185718
101206,2023-07-12,-1.222602577197699
101206,2023-07-13,-0.9109250070712657
101206,2023-07-14,-0.7351474051325413
101206,2023-07-17,-0.6183823141527411
101206,2023-07-18,-0.830296823896493
101206,2023-07-19,-0.8362395469410734
101206,2023-07-20,-0.8558538571716494
101206,2023-07-21,-0.7451735980793621
101206,2023-07-24,-1.1183638247658918
101206,2023-07-25,-1.4405070738359522
101206,2023-07-26,-0.9200746384273366
101206,2023-07-27,-1.0171628618249566
101206,2023-07-28,-1.2857102260287976
101206,2023-07-31,-1.1619194727369464
101206,2023-08-01,-1.0775073026586415
101206,2023-08-02,-0.5239352470637405
101206,2023-08-03,-0.3611999924344963
101206,2023-08-04,-0.1910013998143925
101206,2023-08-07,-0.2087839133033623
101206,2023-08-08,-0.4812152502534864
101206,2023-08-09,-1.103185651852312
101206,2023-08-10,-1.1462946235062694
101206,2023-08-11,-1.3393445343407937
101206,2023-08-14,-1.3359118581764913
101206,2023-08-15,-1.4738464621695082
101206,2023-08-16,-1.4101467968384138
101206,2023-08-17,-1.6771197884038067
101206,2023-08-18,-1.7278345232126993
101206,2023-08-21,-2.012004840771687
101206,2023-08-22,-1.739862044985108
101206,2023-08-23,-1.0293932932002425
101206,2023-08-24,-1.0784264474417862
101206,2023-08-25,-1.531979895546701
101206,2023-08-28,-1.4593255074628766
101206,2023-08-29,-0.8245610642335363
101206,2023-08-30,-0.9260245568827249
101206,2023-08-31,-1.2305616212072656
101206,2023-09-01,-0.9909463009752424
101206,2023-09-04,-0.8959006317523184
101206,2023-09-05,-1.4509436020480715
101206,2023-09-06,-1.5461759177650505
101206,2023-09-07,-1.649873488562851
101206,2023-09-08,-1.4016208562151302
101206,2023-09-11,-1.103607801927777
101206,2023-09-12,-1.275335577500498
101206,2023-09-13,-0.9634324429852895
101206,2023-09-14,-1.1668669667737164
101206,2023-09-15,-0.4544862537072614
101206,2023-09-18,-0.4821390633339379
101206,2023-09-19,-0.6233776143783775
101206,2023-09-20,-0.5336226226851438
101206,2023-09-21,-0.6457999825954884
101206,2023-09-22,-0.19165569601282859
101206,2023-09-25,-0.3474207181789626
101206,2023-09-26,-0.29796225743075155
101206,2023-09-27,-0.4427675028416611
101206,2023-09-28,-0.1816600032257442
101206,2023-09-29,-0.02980457389854663
101206,2023-10-02,0.15960268618700676
101206,2023-10-03,0.14258116568723098
101206,2023-10-04,0.2235596087451022
101206,2023-10-05,0.8422781815636781
101206,2023-10-06,1.1283997581733385
101206,2023-10-09,1.4161280971548451
101206,2023-10-10,1.4972862737740213
101206,2023-10-11,1.3501790539492509
101206,2023-10-12,1.260257904728268
101206,2023-10-13,1.8552912343336772
101206,2023-10-16,2.016236203351942
101206,2023-10-17,1.9167180619133135
101206,2023-10-18,2.4347309004458046
101206,2023-10-19,2.1484162310532113
101206,2023-10-20,2.2057345020133337
101206,2023-10-23,2.25352459585057
101206,2023-10-24,2.3488538480498127
101206,2023-10-25,2.5407817968114106
101206,2023-10-26,2.2691772746902803
101206,2023-10-27,2.0603854696159507
101206,2023-10-30,1.4764882955679752
101206,2023-10-31,1.3766833441540214
101206,2023-11-01,1.4166651724740107
101206,2023-11-02,1.5330208528698241
101206,2023-11-03,1.4517080908283313
101206,2023-11-06,1.3922086385253003
101206,2023-11-07,1.5206491498234462
101206,2023-11-08,1.831288303497006
101206,2023-11-09,1.9342444466208315
101206,2023-11-10,1.8884379170210988
101206,2023-11-13,1.7268190537407537
101206,2023-11-14,1.3846220481381903
101206,2023-11-15,1.5474516085184342
101206,2023-11-16,1.6955216231795358
101206,2023-11-17,1.933716735241596
101206,2023-11-20,1.8214118830870596
101206,2023-11-21,1.8882945832516678
101206,2023-11-22,1.7282168323147022
101206,2023-11-23,1.618450512570902
101206,2023-11-24,1.5181981877775388
101206,2023-11-27,1.817637791417631
101206,2023-11-28,2.244812563680125
101206,2023-11-29,2.287121360660181
101206,2023-11-30,2.312233342404568
101206,2023-12-01,2.272378297204265
101206,2023-12-04,2.052643656238543
101206,2023-12-05,2.1463224783737904
101206,2023-12-06,1.7418382517066673
101206,2023-12-07,1.171797162212774
101206,2023-12-08,1.0699931541440904
101206,2023-12-11,1.2791214024497428
101206,2023-12-12,1.4894746360058437
101206,2023-12-13,1.6586179908697969
101206,2023-12-14,1.558538027537369
101206,2023-12-15,1.8349237355437884
101206,2023-12-18,2.0241009979509164
101206,2023-12-19,2.2399012057944154
101206,2023-12-20,2.0952648190051644
101206,2023-12-21,2.1731744729259956
101206,2023-12-22,2.0335475868211446
101206,2023-12-25,2.0848256012142805
101206,2023-12-26,2.2399879075647937
101206,2023-12-27,1.6076619378704868
101206,2023-12-28,1.2547941484359744
101206,2023-12-29,1.6944303035157589
101206,2024-01-01,1.6461545540359226
101206,2024-01-02,1.4551141698621575
101206,2024-01-03,1.854139608733172
101206,2024-01-04,2.174251747042727
101206,2024-01-05,2.4215350651515637
101206,2024-01-08,2.268215951337036
101206,2024-01-09,2.6328362192905908
101206,2024-01-10,2.210369666795628
101206,2024-01-11,2.3767315719052133
101206,2024-01-12,2.3404929912357666
101206,2024-01-15,2.4112194297019136
101206,2024-01-16,2.6088091579387664
101206,2024-01-17,2.3494930739830946
101206,2024-01-18,2.3404790402668305
101206,2024-01-19,1.8891175155182336
101206,2024-01-22,1.7207029524299013
101206,2024-01-23,1.568373220258542
101206,2024-01-24,1.7353341060169565
101206,2024-01-25,1.7915674586050685
101206,2024-01-26,1.3180776247953745
101206,2024-01-29,1.2580931756961065
101206,2024-01-30,0.795415984130922
101206,2024-01-31,0.8667982906703319
101206,2024-02-01,0.7740644426922381
101206,2024-02-02,0.6954007728617553
101206,2024-02-05,0.5601611874006739
101206,2024-02-06,0.7099383652520217
101206,2024-02-07,1.0239845017803142
101206,2024-02-08,0.31614238218836
101206,2024-02-09,0.18388014456251056
101206,2024-02-12,0.47151263985365727
101206,2024-02-13,0.5548966928775769
101206,2024-02-14,0.49279976586730434
101206,2024-02-15,0.8906963324699394
101206,2024-02-16,0.7612167800608626
101206,2024-02-19,0.8464031773726874
101206,2024-02-20,0.8159544991269884
101206,2024-02-21,0.7516600795919877
101206,2024-02-22,1.128803699323851
101206,2024-02-23,1.3288674188948775
101206,2024-02-26,1.2802407089257928
101206,2024-02-27,1.4619300494350798
101206,2024-02-28,1.6923374767951957
101206,2024-02-29,2.2815286188775636
101206,2024-03-01,2.2962096407501
101206,2024-03-04,2.911217211445977
101206,2024-03-05,2.944378578055679
101206,2024-03-06,2.8432978227654484
101206,2024-03-07,2.4713495147564064
101206,2024-03-08,2.5965734735305444
101206,2024-03-11,2.7777363599441016
101206,2024-03-12,2.8419247643868317
101206,2024-03-13,2.293386817917065
101206,2024-03-14,2.299164735381027
101206,2024-03-15,2.067050758828227
101206,2024-03-18,1.9358282687629547
101206,2024-03-19,1.9769212902583357
101206,2024-03-20,1.8384078459570028
101206,2024-03-21,1.3457796828447082
101206,2024-03-22,0.9692557570008701
101206,2024-03-25,0.49218615090710544
101206,2024-03-26,0.4627080725649394
101206,2024-03-27,0.6209860634014324
101206,2024-03-28,1.043387253237224
101206,2024-03-29,1.0990464587342077
101206,2024-04-01,0.9899246683726352
101206,2024-04-02,0.6204382187945254
101206,2024-04-03,0.44600978369605504
101206,2024-04-04,0.43412557407666663
101206,2024-04-05,0.5182631697506945
101206,2024-04-08,0.6921631769638542
101206,2024-04-09,1.1473680428818167
101206,2024-04-10,1.0437831297762017
101206,2024-04-11,1.0694391794964249
101206,2024-04-12,1.2122270435768288
101206,2024-04-15,1.0387586248262284
101206,2024-04-16,0.6348918552674299
101206,2024-04-17,0.7634005646708144
101206,2024-04-18,0.7124781906562382
101206,2024-04-19,0.6535390542837625
101206,2024-04-22,0.904936970416187
101206,2024-04-23,0.9163397977457026
101206,2024-04-24,1.1845148834595487
101206,2024-04-25,0.9671312053201511
101206,2024-04-26,0.7653226626238427
101206,2024-04-29,0.9489318078883827
101206,2024-04-30,0.8068725781625677
101206,2024-05-01,1.129522428119454
101206,2024-05-02,1.509621879201485
101206,2024-05-03,1.217718339779631
101206,2024-05-06,1.3200712273015494
101206,2024-05-07,1.6153424053621044
101206,2024-05-08,1.2449890808290716
101206,2024-05-09,1.4200482825331286
101206,2024-05-10,1.2944175963423836
101206,2024-05-13,1.1187500711440173
101206,2024-05-14,0.9784449294059302
101206,2024-05-15,1.1833905072253867
101206,2024-05-16,1.1866904088893444
101206,2024-05-17,0.8026336460337861
101206,2024-05-20,1.0786575699656584
101206,2024-05-21,0.8852667650808895
101206,2024-05-22,1.0124063331332258
101206,2024-05-23,1.4037977303878486
101206,2024-05-24,1.4682225693520177
101206,2024-05-27,1.7437750773583491
101206,2024-05-28,1.8138305825679948
101206,2024-05-29,1.6034509394427792
101206,2024-05-30,1.6531399911147504
101206,2024-05-31,1.6672105164480606
101206,2024-06-03,1.7142649119279125
101206,2024-06-04,1.9454988016657122
101206,2024-06-05,2.0061167874036414
101206,2024-06-06,1.814500929442705
101206,2024-06-07,1.9404332749108728
101206,2024-06-10,2.1654846141435824
101206,2024-06-11,1.9774733882461597
101206,2024-06-12,1.623543100562571
101206,2024-06-13,1.876100547648773
101206,2024-06-14,1.9596660884339216
101206,2024-06-17,1.8932028634974314
101206,2024-06-18,1.8009110331032312
101206,2024-06-19,1.7518817700171656
101206,2024-06-20,1.4658780225909196
101206,2024-06-21,1.2035814921058625
101206,2024-06-24,1.1207136457184899
101206,2024-06-25,1.258888409440981
101206,2024-06-26,1.3184262823480384
101206,2024-06-27,1.0707934770355603
101206,2024-06-28,0.8423658893581792
101206,2024-07-01,1.0152145255198577
101206,2024-07-02,0.8467024903348629
101206,2024-07-03,0.5311777473132431
101206,2024-07-04,-0.036209106693760595
101206,2024-07-05,-0.006141649678473641
101206,2024-07-08,-0.15934550351882568
101206,2024-07-09,0.09384321296747462
101206,2024-07-10,0.0017234962168366243
101206,2024-07-11,0.09477453760509891
101206,2024-07-12,-0.07365535451286263
101206,2024-07-15,-0.018665519958425747
101206,2024-07-16,-0.12695075675629286
101206,2024-07-17,0.19028999392308532
101206,2024-07-18,-0.2042861781685159
101206,2024-07-19,-0.297423090495135
101206,2024-07-22,-0.22558789198351473
101206,2024-07-23,-0.07918913284849513
101206,2024-07-24,0.0845896991477701
101206,2024-07-25,0.1779214579936138
101206,2024-07-26,0.20460199463531392
101206,2024-07-29,0.37542255299921334
101206,2024-07-30,0.3610638599681506
101206,2024-07-31,0.17944459781897745
101206,2024-08-01,0.01467354557571105
101206,2024-08-02,-0.04586719642545211
101206,2024-08-05,0.1442500563817473
101206,2024-08-06,0.31649316377108366
101206,2024-08-07,0.37027268666018404
101206,2024-08-08,0.1280712213620987
101206,2024-08-09,0.007253026697744909
101206,2024-08-12,-0.0009708718877284092
101206,2024-08-13,-0.24624588419284738
101206,2024-08-14,-0.5182792453459054
101206,2024-08-15,-0.2772867988132737
101206,2024-08-16,-0.09679656258405177
101206,2024-08-19,-0.06703772727741014
101206,2024-08-20,0.5160755486298314
101206,2024-08-21,0.32498039483176316
101206,2024-08-22,0.4232199237792317
101206,2024-08-23,0.5163194080940298
101206,2024-08-26,0.2888300371918567
101206,2024-08-27,0.30397416161637153
101206,2024-08-28,-0.1251931647383768
101206,2024-08-29,0.3109488899652785
101206,2024-08-30,1.0263527528549907
101206,2024-09-02,0.3877141271809661
101206,2024-09-03,0.580298825836375
101206,2024-09-04,0.38358187844470404
101206,2024-09-05,0.1183914845390821
101206,2024-09-06,0.26186298031260663
101206,2024-09-09,-0.10258128869342129
101206,2024-09-10,-0.2310356400538111
101206,2024-09-11,-0.2857617519228052
101206,2024-09-12,-0.4790387096716464
101206,2024-09-13,-0.3022805127452691
101206,2024-09-16,-0.19009232812769933
101206,2024-09-17,-0.25615317409171523
101206,2024-09-18,-0.23626571082153813
101206,2024-09-19,-0.316344864619659
101206,2024-09-20,0.009264516070460676
101206,2024-09-23,-0.5303095283670062
101206,2024-09-24,-0.5948552213623308
101206,2024-09-25,-0.6571538687839379
101206,2024-09-26,-1.5049081546970908
101206,2024-09-27,-1.3377567066691949
101206,2024-09-30,-1.5307560689432667
101206,2024-10-01,-1.499383094116156
101206,2024-10-02,-1.1964197424520742
101206,2024-10-03,-1.5119704040010054
101206,2024-10-04,-1.275664935191966
101206,2024-10-07,-1.2071632680595812
101206,2024-10-08,-0.8483649290769779
101206,2024-10-09,-1.1116411782257043
101206,2024-10-10,-1.2737276271519127
101206,2024-10-11,-1.235374961814638
101206,2024-10-14,-1.2946578557272503
101206,2024-10-15,-1.2160003306668425
101206,2024-10-16,-1.2298707287854975
101206,2024-10-17,-1.4916282577145903
101206,2024-10-18,-1.624830147570031
101206,2024-10-21,-1.7159223424673027
101206,2024-10-22,-1.5023140105586945
101206,2024-10-23,-1.1105856715245264
101206,2024-10-24,-1.0568351089949737
101206,2024-10-25,-1.2441910085390524
101206,2024-10-28,-1.0998047340078392
101206,2024-10-29,-1.1700766221254932
101206,2024-10-30,-1.3095181261091764
101206,2024-10-31,-1.1578252841621952
101206,2024-11-01,-0.7036709184886346
101206,2024-11-04,-0.8240961880479425
101206,2024-11-05,-0.6445112368578608
101206,2024-11-06,-0.5600057086723468
101206,2024-11-07,-0.45760511425663686
101206,2024-11-08,-0.46391251898726527
101206,2024-11-11,-0.15810903791474568
101206,2024-11-12,-0.3606247001043003
101206,2024-11-13,-0.1354183836781005
101206,2024-11-14,-0.020616780293106922
101206,2024-11-15,0.3070786030213493
101206,2024-11-18,0.3767752298790198
101206,2024-11-19,0.4817469143544219
101206,2024-11-20,0.4790891149280449
101206,2024-11-21,0.591864756393533
101206,2024-11-22,0.8619515474217575
101206,2024-11-25,1.0097626257718473
101206,2024-11-26,1.3017106781143755
101206,2024-11-27,1.1435778640083727
101206,2024-11-28,1.0844498731601309
101206,2024-11-29,1.422370112532102
101206,2024-12-02,1.5984271690293144
101206,2024-12-03,1.6272649994843016
101206,2024-12-04,1.665244699746072
101206,2024-12-05,1.1382224033260009
101206,2024-12-06,1.146418040779388
101206,2024-12-09,1.23633211622163
101206,2024-12-10,1.268739948829257
101206,2024-12-11,0.9708449272124111
101206,2024-12-12,1.144353005123325
101206,2024-12-13,1.2208432447451518
101206,2024-12-16,0.7499112141914188
101206,2024-12-17,0.6433481052247719
101206,2024-12-18,1.066115845203209
101206,2024-12-19,1.341851675295633
101206,2024-12-20,1.3294111014537808
101206,2024-12-23,1.357095199455132
101206,2024-12-24,1.2642576181113978
101206,2024-12-25,1.1479981623356466
101206,2024-12-26,1.4813108378307358
101206,2024-12-27,1.5267471663415282
101206,2024-12-30,1.3639434008752025
101206,2024-12-31,1.4897870896261167
101206,2025-01-01,1.806328587481607
101206,2025-01-02,1.851801477597775
101206,2025-01-03,1.4505709187629858
101206,2025-01-06,1.6068740010641238
101206,2025-01-07,1.2897170818082393
101206,2025-01-08,1.5238275396934187
101206,2025-01-09,1.2271329720080273
101206,2025-01-10,0.6490695434147331
101206,2025-01-13,0.9935609903819831
101206,2025-01-14,1.04427257341007
101206,2025-01-15,1.325761717334157
101206,2025-01-16,1.024063113989015
101206,2025-01-17,0.3796000783232148
101206,2025-01-20,0.3804352126534992
101206,2025-01-21,0.4681534120392626
101206,2025-01-22,0.3905515361667095
101206,2025-01-23,0.37645540390541676
101206,2025-01-24,0.15150824515569497
101206,2025-01-27,-0.08658000705129651
101206,2025-01-28,0.11348716985888942
101206,2025-01-29,-0.02041981893424509
101206,2025-01-30,0.5014005747442327
101206,2025-01-31,0.27224653007182037
101206,2025-02-03,0.3411033254216261
101206,2025-02-04,0.4608028321795205
101206,2025-02-05,0.41537443338667085
101206,2025-02-06,0.7332893761479016
101206,2025-02-07,0.4306212202237284
101206,2025-02-10,0.41675919912483406
101206,2025-02-11,0.4415342931565786
101206,2025-02-12,0.3475779370263187
101206,2025-02-13,1.0022474697642592
101206,2025-02-14,1.0250327612033805
101206,2025-02-17,0.890276540301829
101206,2025-02-18,0.9383456294689875
101206,2025-02-19,0.7631379846116726
101206,2025-02-20,1.291792751403762
101206,2025-02-21,1.6456889723305759
101206,2025-02-24,1.736924495031523
101206,2025-02-25,1.2707849838687972
101206,2025-02-26,1.1449232868964692
101206,2025-02-27,1.4698957602563318
101206,2025-02-28,2.0499972852215316
101206,2025-03-03,1.6044944051864285
101206,2025-03-04,1.7349707316797836
101206,2025-03-05,1.9609744948883499
101206,2025-03-06,1.8434572970894232
101206,2025-03-07,1.3908438164722594
101206,2025-03-10,1.5266062388275734
101206,2025-03-11,1.5082497243068778
101206,2025-03-12,1.396278500214282
101206,2025-03-13,1.302837003009654
101206,2025-03-14,1.4959843677875917
101206,2025-03-17,1.2689647089335248
101206,2025-03-18,1.4512132294676832
101206,2025-03-19,1.5499151283869226
101206,2025-03-20,1.2420782505436887
101206,2025-03-21,1.3224603700201991
101206,2025-03-24,1.0690709884651926
101206,2025-03-25,0.9833263130401668
101206,2025-03-26,1.0532611645704346
101206,2025-03-27,0.9408518895346787
101206,2025-03-28,0.7710952378003627
101206,2025-03-31,0.4353429662476964
101206,2025-04-01,0.41520279198502014
101206,2025-04-02,0.4530522806387126
101206,2025-04-03,0.6502416439063678
101206,2025-04-04,0.3743499549018249
101206,2025-04-07,0.2799119392363535
101206,2025-04-08,0.3480285968850622
101206,2025-04-09,0.49246398794564605
101206,2025-04-10,0.7257346750074719
101206,2025-04-11,0.7420756792459549
101206,2025-04-14,0.41291286424674817
101206,2025-04-15,0.5891484158818197
101206,2025-04-16,1.0304419364245643
101206,2025-04-17,1.1313583543187868
101206,2025-04-18,1.1943536465853686
101206,2025-04-21,1.6688359021543144
101206,2025-04-22,1.9208332710122071
101206,2025-04-23,2.03384628886557
101206,2025-04-24,2.1427746844603734
101206,2025-04-25,1.7525243239685648
101206,2025-04-28,1.5039013857875734
101206,2025-04-29,1.379834424682842
101206,2025-04-30,1.6646623532368838
101206,2025-05-01,1.392231367036264
101206,2025-05-02,1.126103395922043
101206,2025-05-05,1.3884078309787613
101206,2025-05-06,1.2634811139554454
101206,2025-05-07,0.9627469545477543
101206,2025-05-08,0.5442099752176779
101206,2025-05-09,0.6095195146013782
101206,2025-05-12,1.1834135313165757
101206,2025-05-13,1.1034861839681491
101206,2025-05-14,0.9149315214415171
101206,2025-05-15,1.5858795855874488
101206,2025-05-16,2.056527226068927
101206,2025-05-19,1.9893464000784364
101206,2025-05-20,2.220290894901315
101206,2025-05-21,2.053901478225145
101206,2025-05-22,2.231340175260575
101206,2025-05-23,2.4621244755662555
101206,2025-05-26,2.2953891290986768
101206,2025-05-27,2.4691998063194043
101206,2025-05-28,2.4692615203765964
101206,2025-05-29,2.1795828134095787
101206,2025-05-30,2.2696043577142833
101206,2025-06-02,2.5007641608893088
101206,2025-06-03,2.409061077936177
101206,2025-06-04,2.336116296756011
101206,2025-06-05,2.4560796583648776
101206,2025-06-06,2.6925926506377516
101206,2025-06-09,2.8341374823700223
101206,2025-06-10,2.737355325040757
101206,2025-06-11,2.8154977454215184
101206,2025-06-12,2.748602279862464
101206,2025-06-13,3.0869843180748644
101206,2025-06-16,2.9883945795223745
101206,2025-06-17,2.622654720963548
101206,2025-06-18,2.7216651695383582
101206,2025-06-19,2.410058854631519
101206,2025-06-20,2.393976099193841
101206,2025-06-23,2.187049295353604
101206,2025-06-24,2.0546169735777435
101206,2025-06-25,2.5348010315614165
101206,2025-06-26,2.053191378093013
101206,2025-06-27,1.6807947022253777
101206,2025-06-30,1.5993099649250526
101206,2025-07-01,1.7982843404179685
101206,2025-07-02,1.6156033754516452
101206,2025-07-03,1.5307751921939567
101206,2025-07-04,1.568098234102839
101206,2025-07-07,1.9060433140907636
101206,2025-07-08,1.7064628885667794
101206,2025-07-09,1.3225447708243718
101206,2025-07-10,1.4735282451034366
101206,2025-07-11,1.9431730772616005
101206,2025-07-14,1.5817423923176466
101206,2025-07-15,1.5584733521212923
101206,2025-07-16,1.4723883209777817
101206,2025-07-17,1.536640252886492
101206,2025-07-18,1.340434296107736
101206,2025-07-21,1.6531544223778054
101206,2025-07-22,1.6378943972625146
101206,2025-07-23,1.4268038746053482
101206,2025-07-24,1.818923347381809
101206,2025-07-25,1.743338589107223
101206,2025-07-28,1.760824933013021
101206,2025-07-29,1.9081796569053033
101206,2025-07-30,1.6885115040087721
101206,2025-07-31,1.9544111043409553
101206,2025-08-01,2.3429837771615873
101206,2025-08-04,2.859488522074875
101206,2025-08-05,2.7827759524283455
101206,2025-08-06,2.9449052046799373
101206,2025-08-07,3.043090015997214
101206,2025-08-08,2.6202395961649856
101206,2025-08-11,3.0102391511836686
101206,2025-08-12,3.1965163529374334
101206,2025-08-13,3.014412910556703
101206,2025-08-14,2.9143875047578036
101206,2025-08-15,3.069862014526684
101206,2025-08-18,3.077136710566399
101206,2025-08-19,2.7709377924356393
101206,2025-08-20,2.5893562200878235
101206,2025-08-21,2.30298669949676
101206,2025-08-22,2.5225651702120135
101206,2025-08-25,2.35939298061045
101206,2025-08-26,2.168262775434872
101206,2025-08-27,2.0033802388669812
101206,2025-08-28,1.9561371777839769
101206,2025-08-29,2.308287928309372
101206,2025-09-01,2.378136741583554
101206,2025-09-02,2.0989938742467698
101206,2025-09-03,2.1718288200947438
101206,2025-09-04,2.073406472690123
101206,2025-09-05,2.0837315124509446
101206,2025-09-08,1.6642517673219839
101206,2025-09-09,1.8001173198827773
101206,2025-09-10,1.9146947672772467
101206,2025-09-11,2.1247045029796876
101206,2025-09-12,2.075963425615669
101206,2025-09-15,1.6420886349350825
101206,2025-09-16,1.9686856260335213
101206,2025-09-17,1.983379589428212
101206,2025-09-18,1.4150490224552703
101206,2025-09-19,1.1141197540639387
101206,2025-09-22,1.0457527866360667
101206,2025-09-23,0.6581472302806284
101206,2025-09-24,0.7086104609370704
101206,2025-09-25,0.7845029371018188
101206,2025-09-26,1.0534238398294555
101206,2025-09-29,1.5991897731692195
101206,2025-09-30,0.9647506624518309
101206,2025-10-01,1.012059228097268
101206,2025-10-02,1.387272235053574
101206,2025-10-03,1.7776876500576666
101206,2025-10-06,1.426425919519996
101206,2025-10-07,1.6612584878976222
101206,2025-10-08,1.537864585037462
101206,2025-10-09,1.6718296414977565
101206,2025-10-10,1.4621596310686202
101206,2025-10-13,1.7477922590559571
101206,2025-10-14,1.7015084692878546
101206,2025-10-15,1.4529075158757523
101206,2025-10-16,1.4619574871396845
101206,2025-10-17,0.8528021108418365
101206,2025-10-20,0.6492330117502708
101206,2025-10-21,0.8972481127019174
101206,2025-10-22,1.258502950530366
101206,2025-10-23,1.4182656710472312
101206,2025-10-24,1.1672301016908209
101206,2025-10-27,1.523187729758912
101206,2025-10-28,1.3074697887261277
101206,2025-10-29,1.2786331547692733
101206,2025-10-30,1.783375196404267
101206,2025-10-31,1.9565176595058424
101206,2025-11-03,2.106936594548955
101206,2025-11-04,2.303744623808355
101206,2025-11-05,2.3237821511183117
101206,2025-11-06,2.1417955408144778
101206,2025-11-07,1.5479049467246861
101206,2025-11-10,1.3842075470011692
101206,2025-11-11,1.3552749157730293
101206,2025-11-12,1.3989662094008504
101206,2025-11-13,1.2800553799092054
101206,2025-11-14,0.7671310500809502
101206,2025-11-17,0.7693265431904739
101206,2025-11-18,0.810074380127433
101206,2025-11-19,0.5307587245035273
101206,2025-11-20,0.81006225209587
101206,2025-11-21,0.7680845938452613
101206,2025-11-24,0.6143664371584282
101206,2025-11-25,0.8404214875389366
101206,2025-11-26,0.763369037713002
101206,2025-11-27,0.8132538755465898
101206,2025-11-28,0.7377126736564762
101206,2025-12-01,0.7386121561683985
101206,2025-12-02,0.5779765732849572
101206,2025-12-03,0.8325267284476474
101206,2025-12-04,0.5734139715286105
101206,2025-12-05,0.20138717571010858
101206,2025-12-08,0.08485223349366532
101206,2025-12-09,-0.02002083398319461
101206,2025-12-10,-0.4390149230426882
101206,2025-12-11,-0.6646415081478104
101206,2025-12-12,-0.48373972171057433
101206,2025-12-15,-0.5284452486182036
101206,2025-12-16,-1.261028166358176
101206,2025-12-17,-0.7491685042260796
101206,2025-12-18,-0.6768669442942904
101206,2025-12-19,-1.0912325996443555
101206,2025-12-22,-0.9739577814803344
101206,2025-12-23,-0.7408274387295118
101206,2025-12-24,-0.5996005480089569
101206,2025-12-25,-0.5023568938639702
101206,2025-12-26,-0.9349806227260742
101206,2025-12-29,-1.0089220825484821
101206,2025-12-30,-1.0233069702209845
101206,2025-12-31,-0.884725164282885
101206,2026-01-01,-0.9983825236753214
101206,2026-01-02,-1.199503150808675
101206,2026-01-05,-0.9081575233744016
101206,2026-01-06,-0.2998248448106568
101206,2026-01-07,-0.23247415802524343
101206,2026-01-08,0.05986004082443209
101206,2026-01-09,-0.026659806395393112
101206,2026-01-12,0.3460644552194915
101206,2026-01-13,0.30618543124004344
101206,2026-01-14,0.5456646186707957
101206,2026-01-15,0.7787592725422477
101206,2026-01-16,0.847426307697315
101206,2026-01-19,0.795171162224992
101206,2026-01-20,0.4771959166318981
101206,2026-01-21,0.46736690905597267
101206,2026-01-22,0.642540352598384
101206,2026-01-23,1.0516898393258507
101206,2026-01-26,1.0777875596059738
101206,2026-01-27,1.280057738728165
101206,2026-01-28,1.5716433414628725
101206,2026-01-29,1.5483956015761127
101206,2026-01-30,1.23160727982116
101206,2026-02-02,1.103001808058451
101206,2026-02-03,1.7832535269422882
101206,2026-02-04,1.9100604270607058
101206,2026-02-05,1.685079785877078
101206,2026-02-06,1.5077513112958039
101206,2026-02-09,1.7772466978686046
101206,2026-02-10,1.642464119454862
101206,2026-02-11,2.1627748065702432
101206,2026-02-12,2.0309592034793913
101206,2026-02-13,2.318352314593964
101206,2026-02-16,2.0935084118855305
101206,2026-02-17,2.447300073879602
101206,2026-02-18,2.7187027201334595
101206,2026-02-19,2.9082001253674536
101206,2026-02-20,3.3970167735726453
101206,2026-02-23,4.15337327817347
101206,2026-02-24,4.24348831036391
101206,2026-02-25,3.8830730545987024
101206,2026-02-26,3.8187215154265624
101206,2026-02-27,4.053532825564872
101206,2026-03-02,4.26460285456956
101206,2026-03-03,4.697455745985975
101206,2026-03-04,4.9069320563150844
101206,2026-03-05,4.551754048633001
101206,2026-03-06,4.666963504126597
101206,2026-03-09,4.124176898933043
101206,2026-03-10,3.7950630608525753
101206,2026-03-11,3.759021719876296
101206,2026-03-12,3.9798140058494225
101206,2026-03-13,4.062907392282581
101206,2026-03-16,4.139208689991361
101206,2026-03-17,4.392269441508015
101206,2026-03-18,4.591185305782639
101206,2026-03-19,4.8349822985585185
101206,2026-03-20,5.175737846750491
101206,2026-03-23,5.3448279441630415
101206,2026-03-24,4.9156703071514185
101206,2026-03-25,5.347252448641532
101206,2026-03-26,4.982361848315634
101206,2026-03-27,4.628058682429701
101206,2026-03-30,4.8697355290516775
101206,2026-03-31,4.647817094993459
101206,2026-04-01,4.9847968796963364
101206,2026-04-02,4.708575811731023
101206,2026-04-03,4.6158964675286045
101206,2026-04-06,4.4827197050132
101206,2026-04-07,4.4020909667504515
101206,2026-04-08,4.427026921748866
101206,2026-04-09,4.664811577958062
101206,2026-04-10,5.043416917230128
101206,2026-04-13,5.231304050788526
101206,2026-04-14,5.369227718059422
101206,2026-04-15,5.583999927490205
101206,2026-04-16,5.479436762415226
101206,2026-04-17,5.778492871661332
101206,2026-04-20,5.961726672404271
101206,2026-04-21,6.520803509731899
101206,2026-04-22,6.2890148128988566
101206,2026-04-23,6.473509738736226
101206,2026-04-24,6.536755431042682
101206,2026-04-27,6.643923504782482
101206,2026-04-28,6.701975202872791
101206,2026-04-29,6.548065422534927
101206,2026-04-30,6.438312444722863
101206,2026-05-01,6.773618568597779
101206,2026-05-04,7.002015088672699
101206,2026-05-05,6.611466042557603
101206,2026-05-06,6.327761858184597
101206,2026-05-07,5.828491792268607
101206,2026-05-08,5.527000900551305
101206,2026-05-11,5.135996655433932
101206,2026-05-12,5.030747764956342
101206,2026-05-13,5.065070810766188
101206,2026-05-14,4.595659143329531
101206,2026-05-15,4.9737756826867665
101206,2026-05-18,4.601239629421891
101206,2026-05-19,4.6434979716421845
101206,2026-05-20,4.583030566737239
101206,2026-05-21,4.499401670639928
101206,2026-05-22,4.213880454419353
101206,2026-05-25,3.8704532403789957
101206,2026-05-26,3.922923618540494
101206,2026-05-27,4.041731572512166
101206,2026-05-28,4.263839406768434
101206,2026-05-29,4.031751619451286
101207,2022-03-07,1.8597439140562178
101207,2022-03-08,1.499082468661331
101207,2022-03-09,1.0953323438015363
101207,2022-03-10,0.8922286300123964
101207,2022-03-11,0.5573767796702782
101207,2022-03-14,0.3551817961013199
101207,2022-03-15,0.3303707707408546
101207,2022-03-16,0.3319068472928884
101207,2022-03-17,0.13518703479598818
101207,2022-03-18,0.3095855462569724
101207,2022-03-21,0.25801384843154535
101207,2022-03-22,0.3374466096236075
101207,2022-03-23,0.1098919051682985
101207,2022-03-24,0.33854074998651595
101207,2022-03-25,0.18198757614017644
101207,2022-03-28,0.6719888048533617
101207,2022-03-29,0.6114283147057358
101207,2022-03-30,0.5902202954908825
101207,2022-03-31,0.7673104726816341
101207,2022-04-01,1.0003823772043292
101207,2022-04-04,1.2553510520970348
101207,2022-04-05,1.705002344047524
101207,2022-04-06,1.8746674814274071
101207,2022-04-07,1.853297641572599
101207,2022-04-08,1.705799799858802
101207,2022-04-11,1.6685360593450245
101207,2022-04-12,2.0158810317036835
101207,2022-04-13,1.6355213478282404
101207,2022-04-14,1.4248300711776587
101207,2022-04-15,1.3709651400370169
101207,2022-04-18,1.1648169376476387
101207,2022-04-19,1.06801217531158
101207,2022-04-20,1.4619810242349864
101207,2022-04-21,1.3925058938535593
101207,2022-04-22,1.4843937204843043
101207,2022-04-25,1.0918838239728514
101207,2022-04-26,0.8470493254656429
101207,2022-04-27,1.045556648418458
101207,2022-04-28,1.378250836708087
101207,2022-04-29,1.4237489328175583
101207,2022-05-02,1.3595518191617555
101207,2022-05-03,1.4592303004401634
101207,2022-05-04,0.9008746717646149
101207,2022-05-05,0.9472796220999405
101207,2022-05-06,0.7453799691472204
101207,2022-05-09,0.8961992686399889
101207,2022-05-10,0.6145947973019423
101207,2022-05-11,0.5017731040475473
101207,2022-05-12,0.8617300003500835
101207,2022-05-13,0.44073253734675194
101207,2022-05-16,0.364993151486647
101207,2022-05-17,0.3625975724632043
101207,2022-05-18,0.4019492386833952
101207,2022-05-19,0.18996049876752788
101207,2022-05-20,0.1542396545662939
101207,2022-05-23,0.17681441966654987
101207,2022-05-24,0.2003746092555695
101207,2022-05-25,0.18181571858782816
101207,2022-05-26,-0.18208431374569534
101207,2022-05-27,-0.1631360851163935
101207,2022-05-30,-0.21106581986854467
101207,2022-05-31,-0.5563578350102824
101207,2022-06-01,-1.0663187490291448
101207,2022-06-02,-0.8209854435160486
101207,2022-06-03,-0.7252671374359191
101207,2022-06-06,-0.4586552266697384
101207,2022-06-07,-0.5694512002400929
101207,2022-06-08,-0.7590437394295773
101207,2022-06-09,-0.7465479634523554
101207,2022-06-10,-0.3077150700417026
101207,2022-06-13,-0.3169481501437591
101207,2022-06-14,-0.20541323160481678
101207,2022-06-15,-0.44854276079421573
101207,2022-06-16,-0.46400703073874827
101207,2022-06-17,-0.28033253490779475
101207,2022-06-20,-0.2191816923411147
101207,2022-06-21,0.047245512883585083
101207,2022-06-22,-0.1821314261430677
101207,2022-06-23,-0.26062779983267925
101207,2022-06-24,-0.08606830500149655
101207,2022-06-27,0.12847893328881663
101207,2022-06-28,0.19174552993311217
101207,2022-06-29,0.19134968593129698
101207,2022-06-30,0.2350890929598676
101207,2022-07-01,0.43149837290810195
101207,2022-07-04,0.5173270752697088
101207,2022-07-05,0.4278194124844016
101207,2022-07-06,0.1440747656779869
101207,2022-07-07,-0.115220849685223
101207,2022-07-08,-0.011640016061120816
101207,2022-07-11,-0.17650472864639324
101207,2022-07-12,0.0581507707549232
101207,2022-07-13,0.22015508602252976
101207,2022-07-14,0.3056443816875984
101207,2022-07-15,0.9059543453992674
101207,2022-07-18,1.2272994053267965
101207,2022-07-19,1.419566643796848
101207,2022-07-20,1.515699996819373
101207,2022-07-21,1.502511828833082
101207,2022-07-22,1.4625207561647686
101207,2022-07-25,1.5965476730344763
101207,2022-07-26,1.5938206828206283
101207,2022-07-27,1.7465092545256822
101207,2022-07-28,1.5558676620926881
101207,2022-07-29,1.7008937000794957
101207,2022-08-01,1.3373477767601605
101207,2022-08-02,1.500659038280306
101207,2022-08-03,1.1375746858412799
101207,2022-08-04,1.2627481918861427
101207,2022-08-05,0.8917854927214679
101207,2022-08-08,0.5501566862432571
101207,2022-08-09,0.31703019076168065
101207,2022-08-10,0.2958099424176936
101207,2022-08-11,0.6600424714342734
101207,2022-08-12,0.8013047432534847
101207,2022-08-15,0.8172776854411337
101207,2022-08-16,0.6008976825495528
101207,2022-08-17,1.111812020239651
101207,2022-08-18,1.6327593781057952
101207,2022-08-19,1.6386393576489608
101207,2022-08-22,1.8740962638384913
101207,2022-08-23,1.9322060231043534
101207,2022-08-24,1.633868857259353
101207,2022-08-25,1.977456355445334
101207,2022-08-26,1.7456584628314578
101207,2022-08-29,1.6144244193680886
101207,2022-08-30,1.859372208081965
101207,2022-08-31,1.899610659831124
101207,2022-09-01,1.6776191833152707
101207,2022-09-02,1.7235871125894104
101207,2022-09-05,1.898727842124715
101207,2022-09-06,1.8355075836891854
101207,2022-09-07,2.441193737877654
101207,2022-09-08,2.4931527058925567
101207,2022-09-09,2.3031470529316036
101207,2022-09-12,2.191593884760104
101207,2022-09-13,2.3238599382608545
101207,2022-09-14,2.432655264027237
101207,2022-09-15,2.3494944124177213
101207,2022-09-16,2.660983117290672
101207,2022-09-19,2.772208592562827
101207,2022-09-20,2.7035840553221258
101207,2022-09-21,2.673383626957478
101207,2022-09-22,3.0240240483061704
101207,2022-09-23,2.5514470333764128
101207,2022-09-26,2.3423213519144803
101207,2022-09-27,2.496801739414885
101207,2022-09-28,2.583398697552034
101207,2022-09-29,2.6762759604651167
101207,2022-09-30,3.074249099593621
101207,2022-10-03,3.442798066284679
101207,2022-10-04,3.6785686320548385
101207,2022-10-05,3.8616930627749264
101207,2022-10-06,4.087102259780251
101207,2022-10-07,4.1387074375524255
101207,2022-10-10,4.197814517530439
101207,2022-10-11,4.1767540640200975
101207,2022-10-12,4.378690177096953
101207,2022-10-13,4.291747060612479
101207,2022-10-14,3.798613506846601
101207,2022-10-17,4.221887837247622
101207,2022-10-18,4.113398096465505
101207,2022-10-19,4.252158643903058
101207,2022-10-20,4.305366651263875
101207,2022-10-21,4.167789184144975
101207,2022-10-24,4.277890809956136
101207,2022-10-25,3.791262339730353
101207,2022-10-26,3.6314833705377683
101207,2022-10-27,3.9450910063488496
101207,2022-10-28,4.0221961918018865
101207,2022-10-31,3.809098268491715
101207,2022-11-01,3.8847778379188163
101207,2022-11-02,3.3864502571871045
101207,2022-11-03,3.346862990858098
101207,2022-11-04,2.9882149148778723
101207,2022-11-07,2.430231810545607
101207,2022-11-08,2.221233993535965
101207,2022-11-09,2.255193121472664
101207,2022-11-10,2.1203874631540196
101207,2022-11-11,1.8887838084626258
101207,2022-11-14,2.127021246465272
101207,2022-11-15,1.997945619196516
101207,2022-11-16,1.9929133804741361
101207,2022-11-17,1.9412224754836143
101207,2022-11-18,1.4680530545809043
101207,2022-11-21,1.157306969869885
101207,2022-11-22,0.8736103076884096
101207,2022-11-23,0.6495009246384497
101207,2022-11-24,0.5918985414822224
101207,2022-11-25,0.4807350154903212
101207,2022-11-28,0.26895733922153864
101207,2022-11-29,0.050172452387149506
101207,2022-11-30,0.16599264363746985
101207,2022-12-01,0.4441936519146295
101207,2022-12-02,0.39766533511465085
101207,2022-12-05,0.49885201713572874
101207,2022-12-06,0.26073673519368495
101207,2022-12-07,0.7946057637456452
101207,2022-12-08,0.8563601683402831
101207,2022-12-09,1.0613567920564735
101207,2022-12-12,1.1605869364271353
101207,2022-12-13,1.149033297682073
101207,2022-12-14,1.078414867950628
101207,2022-12-15,0.6367436391178704
101207,2022-12-16,0.6677113368094186
101207,2022-12-19,0.8396891729124458
101207,2022-12-20,0.6644280537629318
101207,2022-12-21,0.8197907887153499
101207,2022-12-22,0.131859265560009
101207,2022-12-23,0.014670851815142978
101207,2022-12-26,-0.04020622266472427
101207,2022-12-27,0.3661349704481585
101207,2022-12-28,0.2857782445802656
101207,2022-12-29,-0.22533028944481742
101207,2022-12-30,0.030427252416236762
101207,2023-01-02,0.39782575550609767
101207,2023-01-03,0.4597558138710988
101207,2023-01-04,0.23214261395501015
101207,2023-01-05,0.038507625515789415
101207,2023-01-06,0.36652908028047376
101207,2023-01-09,-0.25815435965533384
101207,2023-01-10,0.032057655214713515
101207,2023-01-11,0.09455308287871471
101207,2023-01-12,-0.11593599724950363
101207,2023-01-13,0.5118195286391459
101207,2023-01-16,0.26839191134763146
101207,2023-01-17,0.690506682231368
101207,2023-01-18,0.3544650040217212
101207,2023-01-19,0.25030040926287167
101207,2023-01-20,-0.09773661261243334
101207,2023-01-23,-0.2554424321788267
101207,2023-01-24,-0.32966014104995156
101207,2023-01-25,-0.42897819691241623
101207,2023-01-26,-0.9068498944353531
101207,2023-01-27,-0.5903842420686648
101207,2023-01-30,-0.4427574272981147
101207,2023-01-31,-0.588796480325201
101207,2023-02-01,-0.4916783493049967
101207,2023-02-02,0.001262038694039765
101207,2023-02-03,-0.2532082975091407
101207,2023-02-06,-0.2641959185187254
101207,2023-02-07,-0.5094561549482228
101207,2023-02-08,-0.6417257641563905
101207,2023-02-09,-0.6929570354795735
101207,2023-02-10,-0.6756567398009352
101207,2023-02-13,-0.8489504754392586
101207,2023-02-14,-1.1135528003531239
101207,2023-02-15,-1.2906638452316064
101207,2023-02-16,-0.9907367482652809
101207,2023-02-17,-0.5700757397751649
101207,2023-02-20,-0.664536536008351
101207,2023-02-21,-0.35866843734036685
101207,2023-02-22,-0.2286718480449934
101207,2023-02-23,-0.5019667570014538
101207,2023-02-24,-0.49303193286016844
101207,2023-02-27,-0.634383010533803
101207,2023-02-28,-0.4812678265620465
101207,2023-03-01,-0.10929731289971902
101207,2023-03-02,-0.22221112877696117
101207,2023-03-03,-0.5641090361512275
101207,2023-03-06,-0.2858073849502022
101207,2023-03-07,-0.5382553987465003
101207,2023-03-08,0.11663326658110691
101207,2023-03-09,0.3041315210703612
101207,2023-03-10,0.4447345966568967
101207,2023-03-13,1.0682991055535238
101207,2023-03-14,1.1257875589596031
101207,2023-03-15,1.2557334765206987
101207,2023-03-16,1.473410350924753
101207,2023-03-17,1.6277826942418783
101207,2023-03-20,1.192795599898071
101207,2023-03-21,1.4546342228459344
101207,2023-03-22,0.9085666821029604
101207,2023-03-23,0.9018420118807872
101207,2023-03-24,0.7445635358040005
101207,2023-03-27,0.7589112099971318
101207,2023-03-28,0.8423617866128403
101207,2023-03-29,0.7740624939585601
101207,2023-03-30,0.5059998006693908
101207,2023-03-31,0.5917418319745721
101207,2023-04-03,0.9793707219775071
101207,2023-04-04,1.0861235554314679
101207,2023-04-05,1.1130516660393115
101207,2023-04-06,1.1498830215194182
101207,2023-04-07,0.8690223112631211
101207,2023-04-10,0.7943037615117328
101207,2023-04-11,0.7098767092975641
101207,2023-04-12,0.44570061848978865
101207,2023-04-13,0.44065435946395903
101207,2023-04-14,0.4954583602435382
101207,2023-04-17,0.6803266465433755
101207,2023-04-18,0.6260120560459649
101207,2023-04-19,0.43605351478628335
101207,2023-04-20,0.6015051844415806
101207,2023-04-21,0.7093763342563659
101207,2023-04-24,0.6234135643551983
101207,2023-04-25,0.8029419792834149
101207,2023-04-26,0.27213227077179625
101207,2023-04-27,0.5944622081108012
101207,2023-04-28,0.9086879347439206
101207,2023-05-01,0.9329684391919189
101207,2023-05-02,0.35350821112284697
101207,2023-05-03,0.6677560030335772
101207,2023-05-04,0.6854369720473849
101207,2023-05-05,0.6624850062913787
101207,2023-05-08,0.8332310284211679
101207,2023-05-09,0.8909330259754734
101207,2023-05-10,0.6404401762232022
101207,2023-05-11,0.7790604572381591
101207,2023-05-12,0.45759061902590054
101207,2023-05-15,1.1112068294837993
101207,2023-05-16,0.9174727060569311
101207,2023-05-17,0.9911228818079514
101207,2023-05-18,1.1840791821292307
101207,2023-05-19,0.9020787271628329
101207,2023-05-22,1.1458953245404342
101207,2023-05-23,1.2194963493677864
101207,2023-05-24,1.3504526482960686
101207,2023-05-25,1.6699466285720843
101207,2023-05-26,1.756436456335762
101207,2023-05-29,1.741242853850829
101207,2023-05-30,1.891657543160895
101207,2023-05-31,1.8821428793262631
101207,2023-06-01,2.2920369322831466
101207,2023-06-02,2.1404006564525133
101207,2023-06-05,1.7264367328421601
101207,2023-06-06,1.7366516399639838
101207,2023-06-07,1.7297170371373718
101207,2023-06-08,1.2794293429184913
101207,2023-06-09,1.1834124825313845
101207,2023-06-12,0.7547040581930612
101207,2023-06-13,0.9798274578080594
101207,2023-06-14,1.2891291350318443
101207,2023-06-15,1.2151733618364389
101207,2023-06-16,1.163482251223316
101207,2023-06-19,1.0000450353347
101207,2023-06-20,1.21718310200468
101207,2023-06-21,1.3658184549356678
101207,2023-06-22,1.1997900008855964
101207,2023-06-23,1.154471536553895
101207,2023-06-26,1.337416980158407
101207,2023-06-27,0.9386914260515923
101207,2023-06-28,0.6472398195064525
101207,2023-06-29,0.7909586356122342
101207,2023-06-30,0.7997236614870955
101207,2023-07-03,0.8426142885311867
101207,2023-07-04,0.9558758109667398
101207,2023-07-05,0.46771433954528635
101207,2023-07-06,0.5116451659821856
101207,2023-07-07,0.5687601109294149
101207,2023-07-10,0.6661681700654256
101207,2023-07-11,0.7121005395907023
101207,2023-07-12,0.2637327141891016
101207,2023-07-13,0.20014620773478414
101207,2023-07-14,0.18958132362698796
101207,2023-07-17,-0.004976635649193594
101207,2023-07-18,0.16752845728060395
101207,2023-07-19,0.34635868595644725
101207,2023-07-20,0.30244118780260787
101207,2023-07-21,0.20963833140147783
101207,2023-07-24,0.4407090582630018
101207,2023-07-25,-0.06443572653071053
101207,2023-07-26,0.6468104263394716
101207,2023-07-27,1.0904116768293626
101207,2023-07-28,1.283983390853594
101207,2023-07-31,1.2314208557912647
101207,2023-08-01,1.1992570304021801
101207,2023-08-02,1.4122474622793024
101207,2023-08-03,1.7195086442857777
101207,2023-08-04,1.6072355064581527
101207,2023-08-07,1.4493612253194896
101207,2023-08-08,1.5311193104316174
101207,2023-08-09,1.57905404876052
101207,2023-08-10,1.3994357939084758
101207,2023-08-11,1.553702564460616
101207,2023-08-14,1.5323245740178006
101207,2023-08-15,1.8091579313972987
101207,2023-08-16,1.749010089259176
101207,2023-08-17,1.243863781545567
101207,2023-08-18,0.9917656980595967
101207,2023-08-21,0.945953268441833
101207,2023-08-22,0.8896992818492423
101207,2023-08-23,1.3041552422003149
101207,2023-08-24,1.0299413999585134
101207,2023-08-25,0.3872110772019675
101207,2023-08-28,0.31168795887450945
101207,2023-08-29,0.5038845915540249
101207,2023-08-30,0.7187376297299765
101207,2023-08-31,0.36916117492396977
101207,2023-09-01,-0.1246314134390681
101207,2023-09-04,0.008862198266405904
101207,2023-09-05,0.1710017228474612
101207,2023-09-06,0.15517327195050815
101207,2023-09-07,0.42304840316866194
101207,2023-09-08,0.22904322192186385
101207,2023-09-11,0.2648717023353696
101207,2023-09-12,-0.07031934988019957
101207,2023-09-13,-0.012842296715583573
101207,2023-09-14,-0.17691693117515184
101207,2023-09-15,-0.0555335778108905
101207,2023-09-18,-0.10736291436664522
101207,2023-09-19,-0.2511158001709184
101207,2023-09-20,-0.8035501215041734
101207,2023-09-21,-1.1423221320292198
101207,2023-09-22,-1.3001336918543045
101207,2023-09-25,-1.534846950067315
101207,2023-09-26,-1.7678921491915918
101207,2023-09-27,-1.2076040732069855
101207,2023-09-28,-1.2272138409767581
101207,2023-09-29,-1.3035881615682543
101207,2023-10-02,-1.2808190655859222
101207,2023-10-03,-1.5403193921696814
101207,2023-10-04,-1.3333681105473896
101207,2023-10-05,-1.1187323082111102
101207,2023-10-06,-1.1153259450271151
101207,2023-10-09,-0.4902831499587257
101207,2023-10-10,-0.21252733204127539
101207,2023-10-11,-0.2889995587735976
101207,2023-10-12,-0.047137375816616124
101207,2023-10-13,0.0076457123699894625
101207,2023-10-16,0.31424549754958164
101207,2023-10-17,0.13288733592624793
101207,2023-10-18,0.04773138375925861
101207,2023-10-19,-0.3496326674965964
101207,2023-10-20,-0.6070027435642447
101207,2023-10-23,-0.4656273776633247
101207,2023-10-24,-0.4099184769367232
101207,2023-10-25,-0.034877453603104173
101207,2023-10-26,-0.270670184181071
101207,2023-10-27,-0.5330418204457399
101207,2023-10-30,-1.0714354101810262
101207,2023-10-31,-1.1803408133211457
101207,2023-11-01,-1.2307329101163746
101207,2023-11-02,-1.2824608048985793
101207,2023-11-03,-1.2838939776265232
101207,2023-11-06,-1.2533824361880377
101207,2023-11-07,-1.4391588533831197
101207,2023-11-08,-1.0781003743678743
101207,2023-11-09,-0.9535198370912973
101207,2023-11-10,-0.9639834149063004
101207,2023-11-13,-1.4322458333344366
101207,2023-11-14,-1.3014946961031002
101207,2023-11-15,-0.9391415809994674
101207,2023-11-16,-0.5976892818612094
101207,2023-11-17,-0.3613314001813281
101207,2023-11-20,-0.1322084339313039
101207,2023-11-21,-0.3455730851162908
101207,2023-11-22,-0.5858930065454409
101207,2023-11-23,-0.5054406146096377
101207,2023-11-24,-0.49356287529156817
101207,2023-11-27,-0.302182689899358
101207,2023-11-28,-0.08861971957651531
101207,2023-11-29,-0.27851936685122913
101207,2023-11-30,-0.8776261881901517
101207,2023-12-01,-0.7272685559511753
101207,2023-12-04,-0.749329360291292
101207,2023-12-05,-0.6996408793802894
101207,2023-12-06,-0.6308368225008133
101207,2023-12-07,-0.3537321704023415
101207,2023-12-08,-0.15254292268239075
101207,2023-12-11,-0.3552598095730964
101207,2023-12-12,-0.2960193549677476
101207,2023-12-13,-0.5890898659133058
101207,2023-12-14,-0.9535068030307585
101207,2023-12-15,-0.6943672926828939
101207,2023-12-18,-0.5529472850269948
101207,2023-12-19,-0.4252538998449945
101207,2023-12-20,-0.2508504686792083
101207,2023-12-21,-0.3052185720428288
101207,2023-12-22,-0.12982287904063253
101207,2023-12-25,-0.06863844170940243
101207,2023-12-26,0.06810293597131221
101207,2023-12-27,-0.15025953291624464
101207,2023-12-28,-0.27068507712769235
101207,2023-12-29,-0.04623708923818453
101207,2024-01-01,0.05462968090556943
101207,2024-01-02,-0.4942315934463527
101207,2024-01-03,-0.5524358015257006
101207,2024-01-04,-0.32382653957495455
101207,2024-01-05,0.13861408677651318
101207,2024-01-08,0.03948262795503713
101207,2024-01-09,0.3380720771908348
101207,2024-01-10,0.1276549712543971
101207,2024-01-11,-0.12769614075595617
101207,2024-01-12,-0.10151297475936523
101207,2024-01-15,-0.4624407688381487
101207,2024-01-16,-0.20388807486054258
101207,2024-01-17,-0.07734804101370306
101207,2024-01-18,0.003643024577009484
101207,2024-01-19,-0.12712968468474822
101207,2024-01-22,-0.03720895400999301
101207,2024-01-23,0.144824945512372
101207,2024-01-24,0.33480012612797005
101207,2024-01-25,0.6388152465907887
101207,2024-01-26,1.1131849805956286
101207,2024-01-29,1.4584921078884705
101207,2024-01-30,1.1156228810786453
101207,2024-01-31,0.6235625389369035
101207,2024-02-01,0.3061594418824852
101207,2024-02-02,0.7587290316320998
101207,2024-02-05,1.0977507099024015
101207,2024-02-06,1.0750270179874768
101207,2024-02-07,0.8924473156799008
101207,2024-02-08,0.6308573628060016
101207,2024-02-09,0.727572831402716
101207,2024-02-12,0.28401553022102
101207,2024-02-13,-0.14775606216908987
101207,2024-02-14,-0.3443492159935445
101207,2024-02-15,-0.04159990168974573
101207,2024-02-16,-0.28527844786540274
101207,2024-02-19,-0.5970337217481911
101207,2024-02-20,-0.4578893561774259
101207,2024-02-21,-0.8254701093231818
101207,2024-02-22,-0.6527258210363022
101207,2024-02-23,-0.5484508056300613
101207,2024-02-26,-0.48586925556655336
101207,2024-02-27,-0.682122140436677
101207,2024-02-28,-0.7658285879047757
101207,2024-02-29,-0.5425276645921729
101207,2024-03-01,-0.20777441675190247
101207,2024-03-04,0.24682726059612164
101207,2024-03-05,0.8297037012801747
101207,2024-03-06,1.3521091427078624
101207,2024-03-07,1.4573815143848357
101207,2024-03-08,1.6118765457978743
101207,2024-03-11,1.4792299973550311
101207,2024-03-12,1.4844170483176835
101207,2024-03-13,1.1522432555149593
101207,2024-03-14,0.9826148623066477
101207,2024-03-15,1.5166849684106487
101207,2024-03-18,1.6127912444029477
101207,2024-03-19,1.3904268830566502
101207,2024-03-20,1.093598785190046
101207,2024-03-21,0.640864263673329
101207,2024-03-22,0.5385217528490086
101207,2024-03-25,0.17370425388824628
101207,2024-03-26,0.17062502543344954
101207,2024-03-27,0.33067995151757823
101207,2024-03-28,0.5467806472858953
101207,2024-03-29,0.5162944101914196
101207,2024-04-01,0.5170812107327519
101207,2024-04-02,0.39851990481040045
101207,2024-04-03,0.29116296795365326
101207,2024-04-04,0.29195401464939996
101207,2024-04-05,0.19499058975551312
101207,2024-04-08,0.2135877085079991
101207,2024-04-09,-0.07223964531422344
101207,2024-04-10,-0.23595566824950004
101207,2024-04-11,-0.6499971294984542
101207,2024-04-12,-0.5431032611025948
101207,2024-04-15,-0.6040924058582751
101207,2024-04-16,-0.5105832651860612
101207,2024-04-17,-0.5115381897080943
101207,2024-04-18,-0.3807640057103211
101207,2024-04-19,-0.26000584326297793
101207,2024-04-22,-0.2981833025850457
101207,2024-04-23,-0.13458446761707119
101207,2024-04-24,-0.21254809227789642
101207,2024-04-25,-0.010183484790278948
101207,2024-04-26,0.18735206843722735
101207,2024-04-29,0.20975364249384482
101207,2024-04-30,0.15206678168141632
101207,2024-05-01,0.74168327074243
101207,2024-05-02,0.9835431476875066
101207,2024-05-03,0.9401594844814709
101207,2024-05-06,0.6874218664750521
101207,2024-05-07,0.9315291236403873
101207,2024-05-08,1.2351231302512873
101207,2024-05-09,1.1967807521516225
101207,2024-05-10,1.2613797580354629
101207,2024-05-13,1.2319384623424208
101207,2024-05-14,1.2510191789671077
101207,2024-05-15,1.26511836420698
101207,2024-05-16,1.4755237683398352
101207,2024-05-17,1.706209211987584
101207,2024-05-20,1.772671496033681
101207,2024-05-21,1.577590128854482
101207,2024-05-22,1.7581869298075345
101207,2024-05-23,2.1229452935285535
101207,2024-05-24,1.84139384794308
101207,2024-05-27,1.228686000277302
101207,2024-05-28,1.0793712562312345
101207,2024-05-29,1.3727346173275021
101207,2024-05-30,1.3563741234608835
101207,2024-05-31,0.8994823993223836
101207,2024-06-03,0.8123551844725262
101207,2024-06-04,0.7890952291024029
101207,2024-06-05,1.0445822105963776
101207,2024-06-06,1.161060386895861
101207,2024-06-07,0.9157838648843566
101207,2024-06-10,0.7809913414030093
101207,2024-06-11,0.9220030847387329
101207,2024-06-12,0.9401940052421367
101207,2024-06-13,1.1025915890534304
101207,2024-06-14,1.2209682736624108
101207,2024-06-17,1.0761031139003223
101207,2024-06-18,1.079278884347714
101207,2024-06-19,1.1451787913090254
101207,2024-06-20,0.7227677640932154
101207,2024-06-21,1.116364905485859
101207,2024-06-24,1.3614327231897634
101207,2024-06-25,1.263057455886972
101207,2024-06-26,1.366826845557241
101207,2024-06-27,1.5184531215638433
101207,2024-06-28,1.6218654639470627
101207,2024-07-01,1.8441870916788399
101207,2024-07-02,1.85114137501906
101207,2024-07-03,1.311274598569824
101207,2024-07-04,1.224610500355219
101207,2024-07-05,1.1697821523621228
101207,2024-07-08,0.9893822070134801
101207,2024-07-09,0.380626789425241
101207,2024-07-10,0.07021599537140773
101207,2024-07-11,-0.028457730152195673
101207,2024-07-12,-0.3200846624348881
101207,2024-07-15,-0.23826705845894025
101207,2024-07-16,-0.20558462760000132
101207,2024-07-17,0.15172644790011522
101207,2024-07-18,0.2138851821754924
101207,2024-07-19,-0.05155118339681218
101207,2024-07-22,0.0726871232583146
101207,2024-07-23,-0.01017958154973202
101207,2024-07-24,-0.08899261970675842
101207,2024-07-25,-0.35534519766111966
101207,2024-07-26,-0.10486102242090663
101207,2024-07-29,-0.0005665347030369561
101207,2024-07-30,-0.21192327324271548
101207,2024-07-31,-0.47659715790045915
101207,2024-08-01,-1.0902188603965026
101207,2024-08-02,-0.7904001530879198
101207,2024-08-05,-0.662243432534231
101207,2024-08-06,-0.4588016051578469
101207,2024-08-07,-0.2864016299721265
101207,2024-08-08,-0.30143788387247467
101207,2024-08-09,-0.48794461979090037
101207,2024-08-12,-0.6179629546573967
101207,2024-08-13,-0.40197264318249515
101207,2024-08-14,-0.16015657512845055
101207,2024-08-15,0.05845909690402773
101207,2024-08-16,-0.10806839454230162
101207,2024-08-19,0.15078391820576356
101207,2024-08-20,-0.28256300873724316
101207,2024-08-21,0.1089631072591716
101207,2024-08-22,0.49374408554716276
101207,2024-08-23,0.38620776342572477
101207,2024-08-26,0.522538167372232
101207,2024-08-27,0.3740401369007214
101207,2024-08-28,0.5002361504523062
101207,2024-08-29,0.8064351548100136
101207,2024-08-30,0.5676650285078181
101207,2024-09-02,0.4776765914854517
101207,2024-09-03,0.6679952447501099
101207,2024-09-04,-0.3375195467346135
101207,2024-09-05,-0.2158439104086524
101207,2024-09-06,0.11954697030955527
101207,2024-09-09,0.002458468172089657
101207,2024-09-10,0.09585992304868331
101207,2024-09-11,-0.29739550625700395
101207,2024-09-12,-0.1981990505171772
101207,2024-09-13,-0.48967954857419493
101207,2024-09-16,-0.7240514250560317
101207,2024-09-17,-0.7192263503721519
101207,2024-09-18,-0.8577061809216844
101207,2024-09-19,-0.8769704783053013
101207,2024-09-20,-0.7738270085752751
101207,2024-09-23,-0.8308056757144233
101207,2024-09-24,-0.7362227425184744
101207,2024-09-25,-0.8799044841946049
101207,2024-09-26,-1.2907366456627016
101207,2024-09-27,-0.6329045693821506
101207,2024-09-30,-0.21685092382102078
101207,2024-10-01,-0.11614709308657516
101207,2024-10-02,-0.20647868144489456
101207,2024-10-03,-0.13973890883245105
101207,2024-10-04,-0.2493062573084684
101207,2024-10-07,0.13758611954434688
101207,2024-10-08,0.1823316373043328
101207,2024-10-09,0.36688534296390946
101207,2024-10-10,0.5207104001295889
101207,2024-10-11,0.5643296576667807
101207,2024-10-14,0.442745254017266
101207,2024-10-15,0.8221636764412016
101207,2024-10-16,1.0062224713024346
101207,2024-10-17,0.8457576124501337
101207,2024-10-18,0.6312428447361725
101207,2024-10-21,0.8190924690780983
101207,2024-10-22,0.8652600561376419
101207,2024-10-23,0.8906936269631919
101207,2024-10-24,1.2160129549573742
101207,2024-10-25,1.0202733377734317
101207,2024-10-28,1.2515814037313366
101207,2024-10-29,1.431781047240532
101207,2024-10-30,1.5355058764968865
101207,2024-10-31,1.5688957729103705
101207,2024-11-01,1.5613893029031567
101207,2024-11-04,0.9742648646365042
101207,2024-11-05,1.2771019485294024
101207,2024-11-06,1.4847726897103577
101207,2024-11-07,1.6826239225280923
101207,2024-11-08,1.6634601173544912
101207,2024-11-11,1.350145254893313
101207,2024-11-12,1.4934403999098107
101207,2024-11-13,1.7526707995163804
101207,2024-11-14,1.8523636882534544
101207,2024-11-15,2.1501271570820335
101207,2024-11-18,2.129754194060061
101207,2024-11-19,2.3317133273155037
101207,2024-11-20,2.2260200728887867
101207,2024-11-21,2.5159703942227853
101207,2024-11-22,2.2571572176932695
101207,2024-11-25,2.318947410485818
101207,2024-11-26,2.4160054504075643
101207,2024-11-27,2.5714889991846497
101207,2024-11-28,2.824346161157229
101207,2024-11-29,2.52123347543137
101207,2024-12-02,2.3724799768964298
101207,2024-12-03,2.4335525378227527
101207,2024-12-04,2.497516663992564
101207,2024-12-05,2.5918219792024098
101207,2024-12-06,1.9292277119349512
101207,2024-12-09,1.7295611371031907
101207,2024-12-10,1.2145372274230175
101207,2024-12-11,1.132320808606612
101207,2024-12-12,1.28245507336464
101207,2024-12-13,1.5715314353784655
101207,2024-12-16,1.7563887592207856
101207,2024-12-17,2.02295608437524
101207,2024-12-18,1.991323061861182
101207,2024-12-19,1.7901841236427707
101207,2024-12-20,1.6876302901037552
101207,2024-12-23,1.7668973873160627
101207,2024-12-24,1.933116749290326
101207,2024-12-25,1.646078478990919
101207,2024-12-26,1.682480437711554
101207,2024-12-27,1.5082225945377437
101207,2024-12-30,1.5384504461532518
101207,2024-12-31,1.2300396708970727
101207,2025-01-01,0.6936965289665158
101207,2025-01-02,0.6631773636569201
101207,2025-01-03,0.8040852598065539
101207,2025-01-06,0.8107564694029623
101207,2025-01-07,0.42975335451008334
101207,2025-01-08,0.7071310635547968
101207,2025-01-09,0.8201567041743141
101207,2025-01-10,0.7432104073275867
101207,2025-01-13,1.0117602539382293
101207,2025-01-14,1.0018304951067267
101207,2025-01-15,1.3728077065860183
101207,2025-01-16,1.4243975326620835
101207,2025-01-17,1.3610579340720117
101207,2025-01-20,1.281262506094298
101207,2025-01-21,1.2004631524076002
101207,2025-01-22,1.115267357596286
101207,2025-01-23,0.8756408016650579
101207,2025-01-24,0.87590006793415
101207,2025-01-27,1.165040148104357
101207,2025-01-28,1.225447953105067
101207,2025-01-29,1.100497887467662
101207,2025-01-30,1.4150671069764624
101207,2025-01-31,1.2530041176663271
101207,2025-02-03,1.1309620300574033
101207,2025-02-04,0.9969741983794058
101207,2025-02-05,0.9261738060018302
101207,2025-02-06,0.7799168406561403
101207,2025-02-07,1.4205321761033767
101207,2025-02-10,1.0100354190594096
101207,2025-02-11,1.0787267508449587
101207,2025-02-12,1.0569497670317691
101207,2025-02-13,0.8615568841752961
101207,2025-02-14,0.9593301640848984
101207,2025-02-17,1.1190735327543315
101207,2025-02-18,0.6976791529427272
101207,2025-02-19,0.42956114462468564
101207,2025-02-20,0.41841605130048737
101207,2025-02-21,0.3108354079573748
101207,2025-02-24,0.4173942887864146
101207,2025-02-25,0.5382606711442712
101207,2025-02-26,0.9757404040672225
101207,2025-02-27,0.6801752476972334
101207,2025-02-28,0.7465280450938063
101207,2025-03-03,0.4934664254462389
101207,2025-03-04,0.37594810229159065
101207,2025-03-05,0.13208036650647842
101207,2025-03-06,-0.11680314243706164
101207,2025-03-07,-0.49224526207799285
101207,2025-03-10,-0.48856296950575945
101207,2025-03-11,-0.8965658826908953
101207,2025-03-12,-0.5642656337965003
101207,2025-03-13,-0.6229130881733387
101207,2025-03-14,-0.7337752852804061
101207,2025-03-17,-0.11074924917444919
101207,2025-03-18,0.06305583173873125
101207,2025-03-19,0.001656223352544399
101207,2025-03-20,-0.0878581252445287
101207,2025-03-21,-0.31082126593092824
101207,2025-03-24,-0.5402023477434216
101207,2025-03-25,-0.8533076380035023
101207,2025-03-26,-0.919536473897279
101207,2025-03-27,-1.1159014097520799
101207,2025-03-28,-0.9606556082485677
101207,2025-03-31,-1.0006343502239685
101207,2025-04-01,-1.052037805017297
101207,2025-04-02,-1.0501840755664995
101207,2025-04-03,-1.0865402288908128
101207,2025-04-04,-0.9862592727350741
101207,2025-04-07,-1.170376101708066
101207,2025-04-08,-1.0366120872099425
101207,2025-04-09,-0.9058866900973572
101207,2025-04-10,-0.477938795792178
101207,2025-04-11,-0.13160734118635262
101207,2025-04-14,0.01827327924336961
101207,2025-04-15,0.27755347491983606
101207,2025-04-16,0.29611475914949453
101207,2025-04-17,0.32896316695086814
101207,2025-04-18,0.4164229432105961
101207,2025-04-21,0.17821923682982543
101207,2025-04-22,-0.2844620896043509
101207,2025-04-23,-0.12128203784670807
101207,2025-04-24,-0.2708813654440011
101207,2025-04-25,-0.08248757784840295
101207,2025-04-28,-0.4686349431858034
101207,2025-04-29,-0.30606401355758805
101207,2025-04-30,-0.05039704220806974
101207,2025-05-01,-0.24449558196384574
101207,2025-05-02,0.0964656051227683
101207,2025-05-05,-0.18083646660161876
101207,2025-05-06,-0.08794197313968025
101207,2025-05-07,0.5545398153697547
101207,2025-05-08,0.2566198226724102
101207,2025-05-09,0.285147118971709
101207,2025-05-12,0.4062009464107155
101207,2025-05-13,0.7579267454174824
101207,2025-05-14,0.6532788586438637
101207,2025-05-15,0.38926501853205814
101207,2025-05-16,0.39616121921233566
101207,2025-05-19,0.37350872500911253
101207,2025-05-20,0.3482240360360102
101207,2025-05-21,0.12967639082797705
101207,2025-05-22,-0.09768207661630947
101207,2025-05-23,-0.04687610140023356
101207,2025-05-26,-0.007233528758174351
101207,2025-05-27,-0.20224819465594096
101207,2025-05-28,-0.3077751815832272
101207,2025-05-29,-0.07481125498723873
101207,2025-05-30,-0.3569275891520146
101207,2025-06-02,-0.6880211898218931
101207,2025-06-03,-0.4161893371041367
101207,2025-06-04,-0.24018307592430924
101207,2025-06-05,-0.5302649514907232
101207,2025-06-06,-0.8473792824049569
101207,2025-06-09,-0.8676908197443218
101207,2025-06-10,-0.7104345314034571
101207,2025-06-11,-0.7871838942814088
101207,2025-06-12,-0.6977945731708479
101207,2025-06-13,-0.9980336441352635
101207,2025-06-16,-1.0228880026723246
101207,2025-06-17,-1.0689775660522733
101207,2025-06-18,-1.6815571356614452
101207,2025-06-19,-1.269456872026143
101207,2025-06-20,-1.2391003597537011
101207,2025-06-23,-1.2431103795817136
101207,2025-06-24,-1.3140099028768526
101207,2025-06-25,-1.3749087140322185
101207,2025-06-26,-1.4190430239254903
101207,2025-06-27,-1.225475984788337
101207,2025-06-30,-1.4259227049533758
101207,2025-07-01,-1.8386117710983683
101207,2025-07-02,-2.5100898010367674
101207,2025-07-03,-2.180659159461337
101207,2025-07-04,-2.344574903371512
101207,2025-07-07,-2.1854452947093352
101207,2025-07-08,-2.3145014847794556
101207,2025-07-09,-1.9332038347866185
101207,2025-07-10,-1.6972729547279224
101207,2025-07-11,-1.444961111600398
101207,2025-07-14,-1.1564103147996665
101207,2025-07-15,-1.051231491981677
101207,2025-07-16,-1.5379558668884596
101207,2025-07-17,-1.3990775393284747
101207,2025-07-18,-1.4956828144467043
101207,2025-07-21,-1.814065568718278
101207,2025-07-22,-2.155730122526592
101207,2025-07-23,-2.2003891228501717
101207,2025-07-24,-2.226170787071905
101207,2025-07-25,-2.196182137719301
101207,2025-07-28,-2.1159030614070287
101207,2025-07-29,-2.022749801208003
101207,2025-07-30,-2.311020412345229
101207,2025-07-31,-2.2362206168810213
101207,2025-08-01,-2.2365966068629817
101207,2025-08-04,-2.2558620900510302
101207,2025-08-05,-2.357501352580872
101207,2025-08-06,-2.350185574429738
101207,2025-08-07,-2.3749237279225137
101207,2025-08-08,-2.1576451128636336
101207,2025-08-11,-1.7304439766624737
101207,2025-08-12,-1.4652496595111246
101207,2025-08-13,-1.5912186590699042
101207,2025-08-14,-1.4920125897202563
101207,2025-08-15,-1.3616694938029934
101207,2025-08-18,-1.6360321937901785
101207,2025-08-19,-1.3670173254253573
101207,2025-08-20,-1.5060609021846603
101207,2025-08-21,-1.0261063466913474
101207,2025-08-22,-1.2523302347519738
101207,2025-08-25,-0.8907343428502011
101207,2025-08-26,-0.6138085499625539
101207,2025-08-27,-1.1907285795593119
101207,2025-08-28,-0.4625203371585303
101207,2025-08-29,-0.8357386634353383
101207,2025-09-01,-0.9394260465147127
101207,2025-09-02,-1.0254364661374271
101207,2025-09-03,-1.5824324736906572
101207,2025-09-04,-1.294162024258865
101207,2025-09-05,-1.6593732995593855
101207,2025-09-08,-2.0658163359835444
101207,2025-09-09,-1.9578402730973061
101207,2025-09-10,-2.008039364559085
101207,2025-09-11,-2.004727224804339
101207,2025-09-12,-2.364017509162696
101207,2025-09-15,-2.644247502065904
101207,2025-09-16,-2.9265393372681503
101207,2025-09-17,-2.836037270115016
101207,2025-09-18,-2.9615571114964205
101207,2025-09-19,-2.988353545820273
101207,2025-09-22,-2.7402208331888045
101207,2025-09-23,-2.6595503412441657
101207,2025-09-24,-3.0053984973499186
101207,2025-09-25,-2.7771159615480427
101207,2025-09-26,-2.5771921346480835
101207,2025-09-29,-2.070597229500519
101207,2025-09-30,-2.15089667005885
101207,2025-10-01,-1.9022691016523336
101207,2025-10-02,-1.811702958727959
101207,2025-10-03,-1.8724570480083025
101207,2025-10-06,-1.5989521158256423
101207,2025-10-07,-1.9922072906573935
101207,2025-10-08,-2.1004385762607307
101207,2025-10-09,-2.2985396477476163
101207,2025-10-10,-1.91219899760549
101207,2025-10-13,-2.0130580679963557
101207,2025-10-14,-2.281899262732836
101207,2025-10-15,-2.1515404775910056
101207,2025-10-16,-2.1580500685446418
101207,2025-10-17,-2.549286706213158
101207,2025-10-20,-2.5495187547946982
101207,2025-10-21,-2.4685939912331945
101207,2025-10-22,-2.3281743612334793
101207,2025-10-23,-2.0505186037391034
101207,2025-10-24,-2.2961461543067005
101207,2025-10-27,-2.5849212057804443
101207,2025-10-28,-2.059597197763604
101207,2025-10-29,-1.6625411083451604
101207,2025-10-30,-1.4735347818118647
101207,2025-10-31,-1.6012357406388975
101207,2025-11-03,-1.1787134748709118
101207,2025-11-04,-0.776670141645183
101207,2025-11-05,-0.4502910361548498
101207,2025-11-06,-0.8693234946440825
101207,2025-11-07,-0.6623897057999505
101207,2025-11-10,-0.39280676591473807
101207,2025-11-11,-0.2828221573875165
101207,2025-11-12,-0.45625415610752873
101207,2025-11-13,-0.5575925838452255
101207,2025-11-14,-0.5447054514866572
101207,2025-11-17,-0.7082191838188885
101207,2025-11-18,-0.6959007674927857
101207,2025-11-19,-0.3227008987946928
101207,2025-11-20,-0.2587187185631216
101207,2025-11-21,-0.3156914760394954
101207,2025-11-24,-0.07412294548829969
101207,2025-11-25,0.3032957640018579
101207,2025-11-26,0.3657569866936295
101207,2025-11-27,0.5475933576316548
101207,2025-11-28,0.4677937581049746
101207,2025-12-01,0.5440411466735362
101207,2025-12-02,0.7090808711701038
101207,2025-12-03,0.8561126623887693
101207,2025-12-04,0.5517597202720429
101207,2025-12-05,0.6120588269307521
101207,2025-12-08,0.5548957453919172
101207,2025-12-09,0.9767275757150503
101207,2025-12-10,0.7658231030917327
101207,2025-12-11,0.9220558288404784
101207,2025-12-12,0.7539853448126725
101207,2025-12-15,0.5814322002313702
101207,2025-12-16,0.26573120026166985
101207,2025-12-17,0.11846664037201307
101207,2025-12-18,-0.08144474353621492
101207,2025-12-19,-0.3380347841515571
101207,2025-12-22,-0.2973023634492706
101207,2025-12-23,-0.19417458051249945
101207,2025-12-24,-0.24720166857433537
101207,2025-12-25,-0.732615258447049
101207,2025-12-26,-0.6163754458501272
101207,2025-12-29,-0.975751377750419
101207,2025-12-30,-0.6920079425725342
101207,2025-12-31,-0.3151723743209582
101207,2026-01-01,-0.8181424155395716
101207,2026-01-02,-0.9869217884245568
101207,2026-01-05,-0.7724874881729423
101207,2026-01-06,-0.9319738561133742
101207,2026-01-07,-0.544902953327935
101207,2026-01-08,-0.7616485244403076
101207,2026-01-09,-0.6992054984561421
101207,2026-01-12,-0.25944513935132363
101207,2026-01-13,0.004708508221251029
101207,2026-01-14,0.04161827256647159
101207,2026-01-15,0.2287242692363091
101207,2026-01-16,0.6955789718026135
101207,2026-01-19,0.526562436968761
101207,2026-01-20,0.842225794644527
101207,2026-01-21,0.974121183884746
101207,2026-01-22,1.2337289927547888
101207,2026-01-23,1.176626349495329
101207,2026-01-26,0.6632447407643907
101207,2026-01-27,0.7500535410637539
101207,2026-01-28,0.7319186348205369
101207,2026-01-29,0.44935430995865616
101207,2026-01-30,0.23168373671781778
101207,2026-02-02,-0.35910888695667326
101207,2026-02-03,-0.3846940538005749
101207,2026-02-04,-0.3312832048033968
101207,2026-02-05,-0.49364425001752
101207,2026-02-06,-0.44783873404955243
101207,2026-02-09,-0.7052931081960478
101207,2026-02-10,-0.6928379149317712
101207,2026-02-11,-0.6034438546430364
101207,2026-02-12,-0.7482193958126472
101207,2026-02-13,-1.0146456911921666
101207,2026-02-16,-1.0544366022098675
101207,2026-02-17,-0.6912125334359877
101207,2026-02-18,-0.821566149122097
101207,2026-02-19,-0.3481573435089761
101207,2026-02-20,0.03843363909944529
101207,2026-02-23,0.10460487690047271
101207,2026-02-24,0.34301529258950675
101207,2026-02-25,0.09876369988023029
101207,2026-02-26,-0.17586138112148397
101207,2026-02-27,-0.2638319570541199
101207,2026-03-02,-0.09780849206083053
101207,2026-03-03,-0.5914531476940945
101207,2026-03-04,-0.8623799951824124
101207,2026-03-05,-1.0279231961838988
101207,2026-03-06,-0.8691701734134987
101207,2026-03-09,-1.0998254637800984
101207,2026-03-10,-1.254881828304565
101207,2026-03-11,-1.5534925980023804
101207,2026-03-12,-0.8070710111512605
101207,2026-03-13,-0.7623677301125013
101207,2026-03-16,-1.010752844394316
101207,2026-03-17,-1.1110237816789355
101207,2026-03-18,-1.1955846257573266
101207,2026-03-19,-1.1277029207760454
101207,2026-03-20,-1.0468100968887295
101207,2026-03-23,-0.6658543524444424
101207,2026-03-24,-0.2787137729107875
101207,2026-03-25,-0.27252496838118073
101207,2026-03-26,-0.7992355340860425
101207,2026-03-27,-0.7506056870451516
101207,2026-03-30,-0.9222108091959049
101207,2026-03-31,-1.1277044890320596
101207,2026-04-01,-1.249594172318402
101207,2026-04-02,-1.659958348102158
101207,2026-04-03,-1.3414729552757247
101207,2026-04-06,-1.5640854816577623
101207,2026-04-07,-1.9558579739600896
101207,2026-04-08,-1.927743400704603
101207,2026-04-09,-1.7781389523852733
101207,2026-04-10,-2.0794154254515567
101207,2026-04-13,-2.1196508724266923
101207,2026-04-14,-2.0569020454935663
101207,2026-04-15,-1.9546203559426338
101207,2026-04-16,-1.9212675966783408
101207,2026-04-17,-2.169356663217872
101207,2026-04-20,-2.099794622435776
101207,2026-04-21,-2.082759384191642
101207,2026-04-22,-2.1002400264942302
101207,2026-04-23,-2.1056855757782587
101207,2026-04-24,-2.2314017888971684
101207,2026-04-27,-2.119270457242595
101207,2026-04-28,-2.316012671827883
101207,2026-04-29,-2.183017607724575
101207,2026-04-30,-1.9533981848818165
101207,2026-05-01,-1.9686538277939203
101207,2026-05-04,-1.7158670784541572
101207,2026-05-05,-2.2507050931075927
101207,2026-05-06,-2.192848951447059
101207,2026-05-07,-2.1655703726723727
101207,2026-05-08,-1.7362783788587044
101207,2026-05-11,-1.9910921922736136
101207,2026-05-12,-1.6435166664753753
101207,2026-05-13,-1.6341049804719885
101207,2026-05-14,-1.992771378064041
101207,2026-05-15,-1.9351364647066125
101207,2026-05-18,-1.778078229793672
101207,2026-05-19,-1.9542603791139141
101207,2026-05-20,-2.0263437060707465
101207,2026-05-21,-2.2908433848962386
101207,2026-05-22,-2.5590684641417396
101207,2026-05-25,-2.0667478131485795
101207,2026-05-26,-2.4883050733872683
101207,2026-05-27,-2.3852006278066296
101207,2026-05-28,-2.2272760174777586
101207,2026-05-29,-2.3587955439375112
